entity_type,metric_name,metric_value,date,week_start,user_login,editor_primary,language_primary,repository,model,last_activity_bucket
days,total_active_users,44.0,2025-07-06,,,,,,,
days,total_engaged_users,30.0,2025-07-06,,,,,,,
days,total_code_suggestions,4859.0,2025-07-06,,,,,,,
days,total_code_acceptances,2854.0,2025-07-06,,,,,,,
days,ide_chat_total_chats,0.0,2025-07-06,,,,,,,
days,dotcom_chat_total_chats,20.0,2025-07-06,,,,,,,
days,total_active_users,45.0,2025-07-07,,,,,,,
days,total_engaged_users,32.0,2025-07-07,,,,,,,
days,total_code_suggestions,3525.0,2025-07-07,,,,,,,
days,total_code_acceptances,2310.0,2025-07-07,,,,,,,
days,ide_chat_total_chats,0.0,2025-07-07,,,,,,,
days,dotcom_chat_total_chats,23.0,2025-07-07,,,,,,,
days,total_active_users,60.0,2025-07-08,,,,,,,
days,total_engaged_users,42.0,2025-07-08,,,,,,,
days,total_code_suggestions,4445.0,2025-07-08,,,,,,,
days,total_code_acceptances,2582.0,2025-07-08,,,,,,,
days,ide_chat_total_chats,0.0,2025-07-08,,,,,,,
days,dotcom_chat_total_chats,40.0,2025-07-08,,,,,,,
days,total_active_users,55.0,2025-07-09,,,,,,,
days,total_engaged_users,43.0,2025-07-09,,,,,,,
days,total_code_suggestions,3495.0,2025-07-09,,,,,,,
days,total_code_acceptances,2242.0,2025-07-09,,,,,,,
days,ide_chat_total_chats,0.0,2025-07-09,,,,,,,
days,dotcom_chat_total_chats,58.0,2025-07-09,,,,,,,
days,total_active_users,48.0,2025-07-10,,,,,,,
days,total_engaged_users,33.0,2025-07-10,,,,,,,
days,total_code_suggestions,5248.0,2025-07-10,,,,,,,
days,total_code_acceptances,3044.0,2025-07-10,,,,,,,
days,ide_chat_total_chats,0.0,2025-07-10,,,,,,,
days,dotcom_chat_total_chats,36.0,2025-07-10,,,,,,,
days,total_active_users,45.0,2025-07-11,,,,,,,
days,total_engaged_users,33.0,2025-07-11,,,,,,,
days,total_code_suggestions,4521.0,2025-07-11,,,,,,,
days,total_code_acceptances,2875.0,2025-07-11,,,,,,,
days,ide_chat_total_chats,0.0,2025-07-11,,,,,,,
days,dotcom_chat_total_chats,20.0,2025-07-11,,,,,,,
days,total_active_users,39.0,2025-07-12,,,,,,,
days,total_engaged_users,26.0,2025-07-12,,,,,,,
days,total_code_suggestions,3068.0,2025-07-12,,,,,,,
days,total_code_acceptances,1689.0,2025-07-12,,,,,,,
days,ide_chat_total_chats,0.0,2025-07-12,,,,,,,
days,dotcom_chat_total_chats,40.0,2025-07-12,,,,,,,
days,total_active_users,28.0,2025-07-13,,,,,,,
days,total_engaged_users,20.0,2025-07-13,,,,,,,
days,total_code_suggestions,2813.0,2025-07-13,,,,,,,
days,total_code_acceptances,1517.0,2025-07-13,,,,,,,
days,ide_chat_total_chats,0.0,2025-07-13,,,,,,,
days,dotcom_chat_total_chats,14.0,2025-07-13,,,,,,,
days,total_active_users,55.0,2025-07-14,,,,,,,
days,total_engaged_users,38.0,2025-07-14,,,,,,,
days,total_code_suggestions,4138.0,2025-07-14,,,,,,,
days,total_code_acceptances,2238.0,2025-07-14,,,,,,,
days,ide_chat_total_chats,0.0,2025-07-14,,,,,,,
days,dotcom_chat_total_chats,30.0,2025-07-14,,,,,,,
days,total_active_users,48.0,2025-07-15,,,,,,,
days,total_engaged_users,35.0,2025-07-15,,,,,,,
days,total_code_suggestions,3259.0,2025-07-15,,,,,,,
days,total_code_acceptances,2237.0,2025-07-15,,,,,,,
days,ide_chat_total_chats,0.0,2025-07-15,,,,,,,
days,dotcom_chat_total_chats,52.0,2025-07-15,,,,,,,
days,total_active_users,54.0,2025-07-16,,,,,,,
days,total_engaged_users,39.0,2025-07-16,,,,,,,
days,total_code_suggestions,3506.0,2025-07-16,,,,,,,
days,total_code_acceptances,1883.0,2025-07-16,,,,,,,
days,ide_chat_total_chats,0.0,2025-07-16,,,,,,,
days,dotcom_chat_total_chats,32.0,2025-07-16,,,,,,,
days,total_active_users,46.0,2025-07-17,,,,,,,
days,total_engaged_users,33.0,2025-07-17,,,,,,,
days,total_code_suggestions,4409.0,2025-07-17,,,,,,,
days,total_code_acceptances,2463.0,2025-07-17,,,,,,,
days,ide_chat_total_chats,0.0,2025-07-17,,,,,,,
days,dotcom_chat_total_chats,41.0,2025-07-17,,,,,,,
days,total_active_users,48.0,2025-07-18,,,,,,,
days,total_engaged_users,36.0,2025-07-18,,,,,,,
days,total_code_suggestions,6034.0,2025-07-18,,,,,,,
days,total_code_acceptances,2666.0,2025-07-18,,,,,,,
days,ide_chat_total_chats,0.0,2025-07-18,,,,,,,
days,dotcom_chat_total_chats,38.0,2025-07-18,,,,,,,
days,total_active_users,32.0,2025-07-19,,,,,,,
days,total_engaged_users,23.0,2025-07-19,,,,,,,
days,total_code_suggestions,3467.0,2025-07-19,,,,,,,
days,total_code_acceptances,1816.0,2025-07-19,,,,,,,
days,ide_chat_total_chats,0.0,2025-07-19,,,,,,,
days,dotcom_chat_total_chats,32.0,2025-07-19,,,,,,,
days,total_active_users,37.0,2025-07-20,,,,,,,
days,total_engaged_users,22.0,2025-07-20,,,,,,,
days,total_code_suggestions,2352.0,2025-07-20,,,,,,,
days,total_code_acceptances,1210.0,2025-07-20,,,,,,,
days,ide_chat_total_chats,0.0,2025-07-20,,,,,,,
days,dotcom_chat_total_chats,36.0,2025-07-20,,,,,,,
days,total_active_users,45.0,2025-07-21,,,,,,,
days,total_engaged_users,30.0,2025-07-21,,,,,,,
days,total_code_suggestions,3902.0,2025-07-21,,,,,,,
days,total_code_acceptances,2260.0,2025-07-21,,,,,,,
days,ide_chat_total_chats,0.0,2025-07-21,,,,,,,
days,dotcom_chat_total_chats,40.0,2025-07-21,,,,,,,
days,total_active_users,51.0,2025-07-22,,,,,,,
days,total_engaged_users,33.0,2025-07-22,,,,,,,
days,total_code_suggestions,4786.0,2025-07-22,,,,,,,
days,total_code_acceptances,2799.0,2025-07-22,,,,,,,
days,ide_chat_total_chats,0.0,2025-07-22,,,,,,,
days,dotcom_chat_total_chats,36.0,2025-07-22,,,,,,,
days,total_active_users,50.0,2025-07-23,,,,,,,
days,total_engaged_users,36.0,2025-07-23,,,,,,,
days,total_code_suggestions,4653.0,2025-07-23,,,,,,,
days,total_code_acceptances,2388.0,2025-07-23,,,,,,,
days,ide_chat_total_chats,0.0,2025-07-23,,,,,,,
days,dotcom_chat_total_chats,30.0,2025-07-23,,,,,,,
days,total_active_users,53.0,2025-07-24,,,,,,,
days,total_engaged_users,45.0,2025-07-24,,,,,,,
days,total_code_suggestions,4029.0,2025-07-24,,,,,,,
days,total_code_acceptances,2394.0,2025-07-24,,,,,,,
days,ide_chat_total_chats,0.0,2025-07-24,,,,,,,
days,dotcom_chat_total_chats,10.0,2025-07-24,,,,,,,
days,total_active_users,51.0,2025-07-25,,,,,,,
days,total_engaged_users,34.0,2025-07-25,,,,,,,
days,total_code_suggestions,2692.0,2025-07-25,,,,,,,
days,total_code_acceptances,1434.0,2025-07-25,,,,,,,
days,ide_chat_total_chats,0.0,2025-07-25,,,,,,,
days,dotcom_chat_total_chats,24.0,2025-07-25,,,,,,,
days,total_active_users,27.0,2025-07-26,,,,,,,
days,total_engaged_users,18.0,2025-07-26,,,,,,,
days,total_code_suggestions,2707.0,2025-07-26,,,,,,,
days,total_code_acceptances,1234.0,2025-07-26,,,,,,,
days,ide_chat_total_chats,0.0,2025-07-26,,,,,,,
days,dotcom_chat_total_chats,28.0,2025-07-26,,,,,,,
days,total_active_users,31.0,2025-07-27,,,,,,,
days,total_engaged_users,17.0,2025-07-27,,,,,,,
days,total_code_suggestions,1566.0,2025-07-27,,,,,,,
days,total_code_acceptances,991.0,2025-07-27,,,,,,,
days,ide_chat_total_chats,0.0,2025-07-27,,,,,,,
days,dotcom_chat_total_chats,22.0,2025-07-27,,,,,,,
days,total_active_users,55.0,2025-07-28,,,,,,,
days,total_engaged_users,40.0,2025-07-28,,,,,,,
days,total_code_suggestions,5997.0,2025-07-28,,,,,,,
days,total_code_acceptances,3629.0,2025-07-28,,,,,,,
days,ide_chat_total_chats,0.0,2025-07-28,,,,,,,
days,dotcom_chat_total_chats,39.0,2025-07-28,,,,,,,
days,total_active_users,53.0,2025-07-29,,,,,,,
days,total_engaged_users,32.0,2025-07-29,,,,,,,
days,total_code_suggestions,2442.0,2025-07-29,,,,,,,
days,total_code_acceptances,1305.0,2025-07-29,,,,,,,
days,ide_chat_total_chats,0.0,2025-07-29,,,,,,,
days,dotcom_chat_total_chats,47.0,2025-07-29,,,,,,,
days,total_active_users,54.0,2025-07-30,,,,,,,
days,total_engaged_users,37.0,2025-07-30,,,,,,,
days,total_code_suggestions,5526.0,2025-07-30,,,,,,,
days,total_code_acceptances,3648.0,2025-07-30,,,,,,,
days,ide_chat_total_chats,0.0,2025-07-30,,,,,,,
days,dotcom_chat_total_chats,7.0,2025-07-30,,,,,,,
days,total_active_users,53.0,2025-07-31,,,,,,,
days,total_engaged_users,39.0,2025-07-31,,,,,,,
days,total_code_suggestions,4201.0,2025-07-31,,,,,,,
days,total_code_acceptances,1760.0,2025-07-31,,,,,,,
days,ide_chat_total_chats,0.0,2025-07-31,,,,,,,
days,dotcom_chat_total_chats,41.0,2025-07-31,,,,,,,
days,total_active_users,58.0,2025-08-01,,,,,,,
days,total_engaged_users,37.0,2025-08-01,,,,,,,
days,total_code_suggestions,3495.0,2025-08-01,,,,,,,
days,total_code_acceptances,2033.0,2025-08-01,,,,,,,
days,ide_chat_total_chats,0.0,2025-08-01,,,,,,,
days,dotcom_chat_total_chats,47.0,2025-08-01,,,,,,,
days,total_active_users,32.0,2025-08-02,,,,,,,
days,total_engaged_users,22.0,2025-08-02,,,,,,,
days,total_code_suggestions,3466.0,2025-08-02,,,,,,,
days,total_code_acceptances,2274.0,2025-08-02,,,,,,,
days,ide_chat_total_chats,0.0,2025-08-02,,,,,,,
days,dotcom_chat_total_chats,16.0,2025-08-02,,,,,,,
days,total_active_users,33.0,2025-08-03,,,,,,,
days,total_engaged_users,20.0,2025-08-03,,,,,,,
days,total_code_suggestions,2054.0,2025-08-03,,,,,,,
days,total_code_acceptances,1151.0,2025-08-03,,,,,,,
days,ide_chat_total_chats,0.0,2025-08-03,,,,,,,
days,dotcom_chat_total_chats,27.0,2025-08-03,,,,,,,
days,total_active_users,44.0,2025-08-04,,,,,,,
days,total_engaged_users,32.0,2025-08-04,,,,,,,
days,total_code_suggestions,3762.0,2025-08-04,,,,,,,
days,total_code_acceptances,2037.0,2025-08-04,,,,,,,
days,ide_chat_total_chats,0.0,2025-08-04,,,,,,,
days,dotcom_chat_total_chats,19.0,2025-08-04,,,,,,,
days,total_active_users,47.0,2025-08-05,,,,,,,
days,total_engaged_users,31.0,2025-08-05,,,,,,,
days,total_code_suggestions,3060.0,2025-08-05,,,,,,,
days,total_code_acceptances,1604.0,2025-08-05,,,,,,,
days,ide_chat_total_chats,0.0,2025-08-05,,,,,,,
days,dotcom_chat_total_chats,44.0,2025-08-05,,,,,,,
days,total_active_users,46.0,2025-08-06,,,,,,,
days,total_engaged_users,32.0,2025-08-06,,,,,,,
days,total_code_suggestions,2969.0,2025-08-06,,,,,,,
days,total_code_acceptances,1551.0,2025-08-06,,,,,,,
days,ide_chat_total_chats,0.0,2025-08-06,,,,,,,
days,dotcom_chat_total_chats,32.0,2025-08-06,,,,,,,
days,total_active_users,47.0,2025-08-07,,,,,,,
days,total_engaged_users,31.0,2025-08-07,,,,,,,
days,total_code_suggestions,3296.0,2025-08-07,,,,,,,
days,total_code_acceptances,1810.0,2025-08-07,,,,,,,
days,ide_chat_total_chats,0.0,2025-08-07,,,,,,,
days,dotcom_chat_total_chats,39.0,2025-08-07,,,,,,,
days,total_active_users,52.0,2025-08-08,,,,,,,
days,total_engaged_users,34.0,2025-08-08,,,,,,,
days,total_code_suggestions,4439.0,2025-08-08,,,,,,,
days,total_code_acceptances,2752.0,2025-08-08,,,,,,,
days,ide_chat_total_chats,0.0,2025-08-08,,,,,,,
days,dotcom_chat_total_chats,50.0,2025-08-08,,,,,,,
days,total_active_users,30.0,2025-08-09,,,,,,,
days,total_engaged_users,20.0,2025-08-09,,,,,,,
days,total_code_suggestions,2330.0,2025-08-09,,,,,,,
days,total_code_acceptances,1202.0,2025-08-09,,,,,,,
days,ide_chat_total_chats,0.0,2025-08-09,,,,,,,
days,dotcom_chat_total_chats,36.0,2025-08-09,,,,,,,
days,total_active_users,33.0,2025-08-10,,,,,,,
days,total_engaged_users,22.0,2025-08-10,,,,,,,
days,total_code_suggestions,2237.0,2025-08-10,,,,,,,
days,total_code_acceptances,1231.0,2025-08-10,,,,,,,
days,ide_chat_total_chats,0.0,2025-08-10,,,,,,,
days,dotcom_chat_total_chats,46.0,2025-08-10,,,,,,,
days,total_active_users,39.0,2025-08-11,,,,,,,
days,total_engaged_users,29.0,2025-08-11,,,,,,,
days,total_code_suggestions,1813.0,2025-08-11,,,,,,,
days,total_code_acceptances,1064.0,2025-08-11,,,,,,,
days,ide_chat_total_chats,0.0,2025-08-11,,,,,,,
days,dotcom_chat_total_chats,34.0,2025-08-11,,,,,,,
days,total_active_users,50.0,2025-08-12,,,,,,,
days,total_engaged_users,35.0,2025-08-12,,,,,,,
days,total_code_suggestions,3539.0,2025-08-12,,,,,,,
days,total_code_acceptances,1736.0,2025-08-12,,,,,,,
days,ide_chat_total_chats,0.0,2025-08-12,,,,,,,
days,dotcom_chat_total_chats,55.0,2025-08-12,,,,,,,
days,total_active_users,41.0,2025-08-13,,,,,,,
days,total_engaged_users,29.0,2025-08-13,,,,,,,
days,total_code_suggestions,2488.0,2025-08-13,,,,,,,
days,total_code_acceptances,1522.0,2025-08-13,,,,,,,
days,ide_chat_total_chats,0.0,2025-08-13,,,,,,,
days,dotcom_chat_total_chats,27.0,2025-08-13,,,,,,,
days,total_active_users,49.0,2025-08-14,,,,,,,
days,total_engaged_users,33.0,2025-08-14,,,,,,,
days,total_code_suggestions,4463.0,2025-08-14,,,,,,,
days,total_code_acceptances,2480.0,2025-08-14,,,,,,,
days,ide_chat_total_chats,0.0,2025-08-14,,,,,,,
days,dotcom_chat_total_chats,51.0,2025-08-14,,,,,,,
days,total_active_users,50.0,2025-08-15,,,,,,,
days,total_engaged_users,35.0,2025-08-15,,,,,,,
days,total_code_suggestions,4570.0,2025-08-15,,,,,,,
days,total_code_acceptances,2708.0,2025-08-15,,,,,,,
days,ide_chat_total_chats,0.0,2025-08-15,,,,,,,
days,dotcom_chat_total_chats,51.0,2025-08-15,,,,,,,
days,total_active_users,39.0,2025-08-16,,,,,,,
days,total_engaged_users,31.0,2025-08-16,,,,,,,
days,total_code_suggestions,3844.0,2025-08-16,,,,,,,
days,total_code_acceptances,2157.0,2025-08-16,,,,,,,
days,ide_chat_total_chats,0.0,2025-08-16,,,,,,,
days,dotcom_chat_total_chats,33.0,2025-08-16,,,,,,,
days,total_active_users,40.0,2025-08-17,,,,,,,
days,total_engaged_users,28.0,2025-08-17,,,,,,,
days,total_code_suggestions,3248.0,2025-08-17,,,,,,,
days,total_code_acceptances,1648.0,2025-08-17,,,,,,,
days,ide_chat_total_chats,0.0,2025-08-17,,,,,,,
days,dotcom_chat_total_chats,33.0,2025-08-17,,,,,,,
days,total_active_users,48.0,2025-08-18,,,,,,,
days,total_engaged_users,29.0,2025-08-18,,,,,,,
days,total_code_suggestions,2988.0,2025-08-18,,,,,,,
days,total_code_acceptances,1705.0,2025-08-18,,,,,,,
days,ide_chat_total_chats,0.0,2025-08-18,,,,,,,
days,dotcom_chat_total_chats,38.0,2025-08-18,,,,,,,
days,total_active_users,63.0,2025-08-19,,,,,,,
days,total_engaged_users,37.0,2025-08-19,,,,,,,
days,total_code_suggestions,5025.0,2025-08-19,,,,,,,
days,total_code_acceptances,2535.0,2025-08-19,,,,,,,
days,ide_chat_total_chats,0.0,2025-08-19,,,,,,,
days,dotcom_chat_total_chats,59.0,2025-08-19,,,,,,,
days,total_active_users,61.0,2025-08-20,,,,,,,
days,total_engaged_users,46.0,2025-08-20,,,,,,,
days,total_code_suggestions,2760.0,2025-08-20,,,,,,,
days,total_code_acceptances,1390.0,2025-08-20,,,,,,,
days,ide_chat_total_chats,0.0,2025-08-20,,,,,,,
days,dotcom_chat_total_chats,89.0,2025-08-20,,,,,,,
days,total_active_users,45.0,2025-08-21,,,,,,,
days,total_engaged_users,35.0,2025-08-21,,,,,,,
days,total_code_suggestions,3490.0,2025-08-21,,,,,,,
days,total_code_acceptances,2175.0,2025-08-21,,,,,,,
days,ide_chat_total_chats,0.0,2025-08-21,,,,,,,
days,dotcom_chat_total_chats,30.0,2025-08-21,,,,,,,
days,total_active_users,58.0,2025-08-22,,,,,,,
days,total_engaged_users,43.0,2025-08-22,,,,,,,
days,total_code_suggestions,3957.0,2025-08-22,,,,,,,
days,total_code_acceptances,2736.0,2025-08-22,,,,,,,
days,ide_chat_total_chats,0.0,2025-08-22,,,,,,,
days,dotcom_chat_total_chats,93.0,2025-08-22,,,,,,,
days,total_active_users,40.0,2025-08-23,,,,,,,
days,total_engaged_users,27.0,2025-08-23,,,,,,,
days,total_code_suggestions,3946.0,2025-08-23,,,,,,,
days,total_code_acceptances,2501.0,2025-08-23,,,,,,,
days,ide_chat_total_chats,0.0,2025-08-23,,,,,,,
days,dotcom_chat_total_chats,27.0,2025-08-23,,,,,,,
days,total_active_users,44.0,2025-08-24,,,,,,,
days,total_engaged_users,34.0,2025-08-24,,,,,,,
days,total_code_suggestions,4480.0,2025-08-24,,,,,,,
days,total_code_acceptances,2115.0,2025-08-24,,,,,,,
days,ide_chat_total_chats,0.0,2025-08-24,,,,,,,
days,dotcom_chat_total_chats,35.0,2025-08-24,,,,,,,
days,total_active_users,46.0,2025-08-25,,,,,,,
days,total_engaged_users,30.0,2025-08-25,,,,,,,
days,total_code_suggestions,2465.0,2025-08-25,,,,,,,
days,total_code_acceptances,1338.0,2025-08-25,,,,,,,
days,ide_chat_total_chats,0.0,2025-08-25,,,,,,,
days,dotcom_chat_total_chats,40.0,2025-08-25,,,,,,,
days,total_active_users,53.0,2025-08-26,,,,,,,
days,total_engaged_users,36.0,2025-08-26,,,,,,,
days,total_code_suggestions,4282.0,2025-08-26,,,,,,,
days,total_code_acceptances,2148.0,2025-08-26,,,,,,,
days,ide_chat_total_chats,0.0,2025-08-26,,,,,,,
days,dotcom_chat_total_chats,41.0,2025-08-26,,,,,,,
days,total_active_users,61.0,2025-08-27,,,,,,,
days,total_engaged_users,44.0,2025-08-27,,,,,,,
days,total_code_suggestions,4453.0,2025-08-27,,,,,,,
days,total_code_acceptances,3051.0,2025-08-27,,,,,,,
days,ide_chat_total_chats,0.0,2025-08-27,,,,,,,
days,dotcom_chat_total_chats,52.0,2025-08-27,,,,,,,
days,total_active_users,64.0,2025-08-28,,,,,,,
days,total_engaged_users,47.0,2025-08-28,,,,,,,
days,total_code_suggestions,5952.0,2025-08-28,,,,,,,
days,total_code_acceptances,3816.0,2025-08-28,,,,,,,
days,ide_chat_total_chats,0.0,2025-08-28,,,,,,,
days,dotcom_chat_total_chats,77.0,2025-08-28,,,,,,,
days,total_active_users,53.0,2025-08-29,,,,,,,
days,total_engaged_users,35.0,2025-08-29,,,,,,,
days,total_code_suggestions,4615.0,2025-08-29,,,,,,,
days,total_code_acceptances,1874.0,2025-08-29,,,,,,,
days,ide_chat_total_chats,0.0,2025-08-29,,,,,,,
days,dotcom_chat_total_chats,52.0,2025-08-29,,,,,,,
days,total_active_users,37.0,2025-08-30,,,,,,,
days,total_engaged_users,26.0,2025-08-30,,,,,,,
days,total_code_suggestions,1725.0,2025-08-30,,,,,,,
days,total_code_acceptances,924.0,2025-08-30,,,,,,,
days,ide_chat_total_chats,0.0,2025-08-30,,,,,,,
days,dotcom_chat_total_chats,28.0,2025-08-30,,,,,,,
days,total_active_users,36.0,2025-08-31,,,,,,,
days,total_engaged_users,21.0,2025-08-31,,,,,,,
days,total_code_suggestions,1801.0,2025-08-31,,,,,,,
days,total_code_acceptances,1098.0,2025-08-31,,,,,,,
days,ide_chat_total_chats,0.0,2025-08-31,,,,,,,
days,dotcom_chat_total_chats,8.0,2025-08-31,,,,,,,
days,total_active_users,54.0,2025-09-01,,,,,,,
days,total_engaged_users,40.0,2025-09-01,,,,,,,
days,total_code_suggestions,5857.0,2025-09-01,,,,,,,
days,total_code_acceptances,3420.0,2025-09-01,,,,,,,
days,ide_chat_total_chats,0.0,2025-09-01,,,,,,,
days,dotcom_chat_total_chats,8.0,2025-09-01,,,,,,,
days,total_active_users,60.0,2025-09-02,,,,,,,
days,total_engaged_users,40.0,2025-09-02,,,,,,,
days,total_code_suggestions,4441.0,2025-09-02,,,,,,,
days,total_code_acceptances,2801.0,2025-09-02,,,,,,,
days,ide_chat_total_chats,0.0,2025-09-02,,,,,,,
days,dotcom_chat_total_chats,40.0,2025-09-02,,,,,,,
days,total_active_users,55.0,2025-09-03,,,,,,,
days,total_engaged_users,35.0,2025-09-03,,,,,,,
days,total_code_suggestions,2100.0,2025-09-03,,,,,,,
days,total_code_acceptances,1233.0,2025-09-03,,,,,,,
days,ide_chat_total_chats,0.0,2025-09-03,,,,,,,
days,dotcom_chat_total_chats,22.0,2025-09-03,,,,,,,
days,total_active_users,54.0,2025-09-04,,,,,,,
days,total_engaged_users,37.0,2025-09-04,,,,,,,
days,total_code_suggestions,3633.0,2025-09-04,,,,,,,
days,total_code_acceptances,2544.0,2025-09-04,,,,,,,
days,ide_chat_total_chats,0.0,2025-09-04,,,,,,,
days,dotcom_chat_total_chats,36.0,2025-09-04,,,,,,,
days,total_active_users,52.0,2025-09-05,,,,,,,
days,total_engaged_users,32.0,2025-09-05,,,,,,,
days,total_code_suggestions,4206.0,2025-09-05,,,,,,,
days,total_code_acceptances,2513.0,2025-09-05,,,,,,,
days,ide_chat_total_chats,0.0,2025-09-05,,,,,,,
days,dotcom_chat_total_chats,35.0,2025-09-05,,,,,,,
days,total_active_users,44.0,2025-09-06,,,,,,,
days,total_engaged_users,31.0,2025-09-06,,,,,,,
days,total_code_suggestions,3815.0,2025-09-06,,,,,,,
days,total_code_acceptances,2073.0,2025-09-06,,,,,,,
days,ide_chat_total_chats,0.0,2025-09-06,,,,,,,
days,dotcom_chat_total_chats,29.0,2025-09-06,,,,,,,
days,total_active_users,48.0,2025-09-07,,,,,,,
days,total_engaged_users,30.0,2025-09-07,,,,,,,
days,total_code_suggestions,3691.0,2025-09-07,,,,,,,
days,total_code_acceptances,2127.0,2025-09-07,,,,,,,
days,ide_chat_total_chats,0.0,2025-09-07,,,,,,,
days,dotcom_chat_total_chats,53.0,2025-09-07,,,,,,,
days,total_active_users,61.0,2025-09-08,,,,,,,
days,total_engaged_users,43.0,2025-09-08,,,,,,,
days,total_code_suggestions,4595.0,2025-09-08,,,,,,,
days,total_code_acceptances,2515.0,2025-09-08,,,,,,,
days,ide_chat_total_chats,0.0,2025-09-08,,,,,,,
days,dotcom_chat_total_chats,79.0,2025-09-08,,,,,,,
days,total_active_users,51.0,2025-09-09,,,,,,,
days,total_engaged_users,28.0,2025-09-09,,,,,,,
days,total_code_suggestions,3219.0,2025-09-09,,,,,,,
days,total_code_acceptances,1860.0,2025-09-09,,,,,,,
days,ide_chat_total_chats,0.0,2025-09-09,,,,,,,
days,dotcom_chat_total_chats,33.0,2025-09-09,,,,,,,
days,total_active_users,52.0,2025-09-10,,,,,,,
days,total_engaged_users,37.0,2025-09-10,,,,,,,
days,total_code_suggestions,4952.0,2025-09-10,,,,,,,
days,total_code_acceptances,2820.0,2025-09-10,,,,,,,
days,ide_chat_total_chats,0.0,2025-09-10,,,,,,,
days,dotcom_chat_total_chats,55.0,2025-09-10,,,,,,,
days,total_active_users,55.0,2025-09-11,,,,,,,
days,total_engaged_users,42.0,2025-09-11,,,,,,,
days,total_code_suggestions,4140.0,2025-09-11,,,,,,,
days,total_code_acceptances,2369.0,2025-09-11,,,,,,,
days,ide_chat_total_chats,0.0,2025-09-11,,,,,,,
days,dotcom_chat_total_chats,60.0,2025-09-11,,,,,,,
days,total_active_users,61.0,2025-09-12,,,,,,,
days,total_engaged_users,46.0,2025-09-12,,,,,,,
days,total_code_suggestions,4746.0,2025-09-12,,,,,,,
days,total_code_acceptances,2995.0,2025-09-12,,,,,,,
days,ide_chat_total_chats,0.0,2025-09-12,,,,,,,
days,dotcom_chat_total_chats,9.0,2025-09-12,,,,,,,
days,total_active_users,44.0,2025-09-13,,,,,,,
days,total_engaged_users,31.0,2025-09-13,,,,,,,
days,total_code_suggestions,4243.0,2025-09-13,,,,,,,
days,total_code_acceptances,2124.0,2025-09-13,,,,,,,
days,ide_chat_total_chats,0.0,2025-09-13,,,,,,,
days,dotcom_chat_total_chats,28.0,2025-09-13,,,,,,,
days,total_active_users,38.0,2025-09-14,,,,,,,
days,total_engaged_users,25.0,2025-09-14,,,,,,,
days,total_code_suggestions,2564.0,2025-09-14,,,,,,,
days,total_code_acceptances,1360.0,2025-09-14,,,,,,,
days,ide_chat_total_chats,0.0,2025-09-14,,,,,,,
days,dotcom_chat_total_chats,19.0,2025-09-14,,,,,,,
days,total_active_users,55.0,2025-09-15,,,,,,,
days,total_engaged_users,42.0,2025-09-15,,,,,,,
days,total_code_suggestions,5604.0,2025-09-15,,,,,,,
days,total_code_acceptances,2604.0,2025-09-15,,,,,,,
days,ide_chat_total_chats,0.0,2025-09-15,,,,,,,
days,dotcom_chat_total_chats,21.0,2025-09-15,,,,,,,
days,total_active_users,58.0,2025-09-16,,,,,,,
days,total_engaged_users,43.0,2025-09-16,,,,,,,
days,total_code_suggestions,6459.0,2025-09-16,,,,,,,
days,total_code_acceptances,4015.0,2025-09-16,,,,,,,
days,ide_chat_total_chats,0.0,2025-09-16,,,,,,,
days,dotcom_chat_total_chats,52.0,2025-09-16,,,,,,,
days,total_active_users,59.0,2025-09-17,,,,,,,
days,total_engaged_users,41.0,2025-09-17,,,,,,,
days,total_code_suggestions,5593.0,2025-09-17,,,,,,,
days,total_code_acceptances,3580.0,2025-09-17,,,,,,,
days,ide_chat_total_chats,0.0,2025-09-17,,,,,,,
days,dotcom_chat_total_chats,45.0,2025-09-17,,,,,,,
days,total_active_users,56.0,2025-09-18,,,,,,,
days,total_engaged_users,32.0,2025-09-18,,,,,,,
days,total_code_suggestions,4143.0,2025-09-18,,,,,,,
days,total_code_acceptances,2418.0,2025-09-18,,,,,,,
days,ide_chat_total_chats,0.0,2025-09-18,,,,,,,
days,dotcom_chat_total_chats,44.0,2025-09-18,,,,,,,
days,total_active_users,52.0,2025-09-19,,,,,,,
days,total_engaged_users,35.0,2025-09-19,,,,,,,
days,total_code_suggestions,5600.0,2025-09-19,,,,,,,
days,total_code_acceptances,2597.0,2025-09-19,,,,,,,
days,ide_chat_total_chats,0.0,2025-09-19,,,,,,,
days,dotcom_chat_total_chats,8.0,2025-09-19,,,,,,,
days,total_active_users,44.0,2025-09-20,,,,,,,
days,total_engaged_users,29.0,2025-09-20,,,,,,,
days,total_code_suggestions,2559.0,2025-09-20,,,,,,,
days,total_code_acceptances,1554.0,2025-09-20,,,,,,,
days,ide_chat_total_chats,0.0,2025-09-20,,,,,,,
days,dotcom_chat_total_chats,22.0,2025-09-20,,,,,,,
days,total_active_users,47.0,2025-09-21,,,,,,,
days,total_engaged_users,36.0,2025-09-21,,,,,,,
days,total_code_suggestions,2838.0,2025-09-21,,,,,,,
days,total_code_acceptances,1764.0,2025-09-21,,,,,,,
days,ide_chat_total_chats,0.0,2025-09-21,,,,,,,
days,dotcom_chat_total_chats,27.0,2025-09-21,,,,,,,
days,total_active_users,58.0,2025-09-22,,,,,,,
days,total_engaged_users,38.0,2025-09-22,,,,,,,
days,total_code_suggestions,5358.0,2025-09-22,,,,,,,
days,total_code_acceptances,3653.0,2025-09-22,,,,,,,
days,ide_chat_total_chats,0.0,2025-09-22,,,,,,,
days,dotcom_chat_total_chats,28.0,2025-09-22,,,,,,,
days,total_active_users,50.0,2025-09-23,,,,,,,
days,total_engaged_users,34.0,2025-09-23,,,,,,,
days,total_code_suggestions,2689.0,2025-09-23,,,,,,,
days,total_code_acceptances,1516.0,2025-09-23,,,,,,,
days,ide_chat_total_chats,0.0,2025-09-23,,,,,,,
days,dotcom_chat_total_chats,32.0,2025-09-23,,,,,,,
days,total_active_users,55.0,2025-09-24,,,,,,,
days,total_engaged_users,40.0,2025-09-24,,,,,,,
days,total_code_suggestions,4826.0,2025-09-24,,,,,,,
days,total_code_acceptances,2411.0,2025-09-24,,,,,,,
days,ide_chat_total_chats,0.0,2025-09-24,,,,,,,
days,dotcom_chat_total_chats,34.0,2025-09-24,,,,,,,
days,total_active_users,62.0,2025-09-25,,,,,,,
days,total_engaged_users,43.0,2025-09-25,,,,,,,
days,total_code_suggestions,6892.0,2025-09-25,,,,,,,
days,total_code_acceptances,4438.0,2025-09-25,,,,,,,
days,ide_chat_total_chats,0.0,2025-09-25,,,,,,,
days,dotcom_chat_total_chats,20.0,2025-09-25,,,,,,,
days,total_active_users,55.0,2025-09-26,,,,,,,
days,total_engaged_users,37.0,2025-09-26,,,,,,,
days,total_code_suggestions,4304.0,2025-09-26,,,,,,,
days,total_code_acceptances,2801.0,2025-09-26,,,,,,,
days,ide_chat_total_chats,0.0,2025-09-26,,,,,,,
days,dotcom_chat_total_chats,59.0,2025-09-26,,,,,,,
days,total_active_users,41.0,2025-09-27,,,,,,,
days,total_engaged_users,28.0,2025-09-27,,,,,,,
days,total_code_suggestions,2698.0,2025-09-27,,,,,,,
days,total_code_acceptances,1403.0,2025-09-27,,,,,,,
days,ide_chat_total_chats,0.0,2025-09-27,,,,,,,
days,dotcom_chat_total_chats,18.0,2025-09-27,,,,,,,
days,total_active_users,38.0,2025-09-28,,,,,,,
days,total_engaged_users,23.0,2025-09-28,,,,,,,
days,total_code_suggestions,1977.0,2025-09-28,,,,,,,
days,total_code_acceptances,1291.0,2025-09-28,,,,,,,
days,ide_chat_total_chats,0.0,2025-09-28,,,,,,,
days,dotcom_chat_total_chats,41.0,2025-09-28,,,,,,,
days,total_active_users,59.0,2025-09-29,,,,,,,
days,total_engaged_users,43.0,2025-09-29,,,,,,,
days,total_code_suggestions,4260.0,2025-09-29,,,,,,,
days,total_code_acceptances,2730.0,2025-09-29,,,,,,,
days,ide_chat_total_chats,0.0,2025-09-29,,,,,,,
days,dotcom_chat_total_chats,30.0,2025-09-29,,,,,,,
days,total_active_users,53.0,2025-09-30,,,,,,,
days,total_engaged_users,39.0,2025-09-30,,,,,,,
days,total_code_suggestions,4278.0,2025-09-30,,,,,,,
days,total_code_acceptances,2693.0,2025-09-30,,,,,,,
days,ide_chat_total_chats,0.0,2025-09-30,,,,,,,
days,dotcom_chat_total_chats,45.0,2025-09-30,,,,,,,
days,total_active_users,56.0,2025-10-01,,,,,,,
days,total_engaged_users,40.0,2025-10-01,,,,,,,
days,total_code_suggestions,4336.0,2025-10-01,,,,,,,
days,total_code_acceptances,2334.0,2025-10-01,,,,,,,
days,ide_chat_total_chats,0.0,2025-10-01,,,,,,,
days,dotcom_chat_total_chats,58.0,2025-10-01,,,,,,,
days,total_active_users,57.0,2025-10-02,,,,,,,
days,total_engaged_users,43.0,2025-10-02,,,,,,,
days,total_code_suggestions,4388.0,2025-10-02,,,,,,,
days,total_code_acceptances,1971.0,2025-10-02,,,,,,,
days,ide_chat_total_chats,0.0,2025-10-02,,,,,,,
days,dotcom_chat_total_chats,50.0,2025-10-02,,,,,,,
days,total_active_users,53.0,2025-10-03,,,,,,,
days,total_engaged_users,40.0,2025-10-03,,,,,,,
days,total_code_suggestions,4586.0,2025-10-03,,,,,,,
days,total_code_acceptances,3585.0,2025-10-03,,,,,,,
days,ide_chat_total_chats,0.0,2025-10-03,,,,,,,
days,dotcom_chat_total_chats,85.0,2025-10-03,,,,,,,
days,total_active_users,44.0,2025-10-04,,,,,,,
days,total_engaged_users,31.0,2025-10-04,,,,,,,
days,total_code_suggestions,3401.0,2025-10-04,,,,,,,
days,total_code_acceptances,2024.0,2025-10-04,,,,,,,
days,ide_chat_total_chats,0.0,2025-10-04,,,,,,,
days,dotcom_chat_total_chats,35.0,2025-10-04,,,,,,,
days,total_active_users,50.0,2025-10-05,,,,,,,
days,total_engaged_users,32.0,2025-10-05,,,,,,,
days,total_code_suggestions,2765.0,2025-10-05,,,,,,,
days,total_code_acceptances,1680.0,2025-10-05,,,,,,,
days,ide_chat_total_chats,0.0,2025-10-05,,,,,,,
days,dotcom_chat_total_chats,29.0,2025-10-05,,,,,,,
days,total_active_users,52.0,2025-10-06,,,,,,,
days,total_engaged_users,28.0,2025-10-06,,,,,,,
days,total_code_suggestions,3641.0,2025-10-06,,,,,,,
days,total_code_acceptances,1933.0,2025-10-06,,,,,,,
days,ide_chat_total_chats,0.0,2025-10-06,,,,,,,
days,dotcom_chat_total_chats,25.0,2025-10-06,,,,,,,
days,total_active_users,56.0,2025-10-07,,,,,,,
days,total_engaged_users,39.0,2025-10-07,,,,,,,
days,total_code_suggestions,4386.0,2025-10-07,,,,,,,
days,total_code_acceptances,2932.0,2025-10-07,,,,,,,
days,ide_chat_total_chats,0.0,2025-10-07,,,,,,,
days,dotcom_chat_total_chats,42.0,2025-10-07,,,,,,,
days,total_active_users,60.0,2025-10-08,,,,,,,
days,total_engaged_users,44.0,2025-10-08,,,,,,,
days,total_code_suggestions,5567.0,2025-10-08,,,,,,,
days,total_code_acceptances,3079.0,2025-10-08,,,,,,,
days,ide_chat_total_chats,0.0,2025-10-08,,,,,,,
days,dotcom_chat_total_chats,41.0,2025-10-08,,,,,,,
days,total_active_users,58.0,2025-10-09,,,,,,,
days,total_engaged_users,40.0,2025-10-09,,,,,,,
days,total_code_suggestions,4776.0,2025-10-09,,,,,,,
days,total_code_acceptances,2827.0,2025-10-09,,,,,,,
days,ide_chat_total_chats,0.0,2025-10-09,,,,,,,
days,dotcom_chat_total_chats,37.0,2025-10-09,,,,,,,
days,total_active_users,61.0,2025-10-10,,,,,,,
days,total_engaged_users,39.0,2025-10-10,,,,,,,
days,total_code_suggestions,4591.0,2025-10-10,,,,,,,
days,total_code_acceptances,2662.0,2025-10-10,,,,,,,
days,ide_chat_total_chats,0.0,2025-10-10,,,,,,,
days,dotcom_chat_total_chats,61.0,2025-10-10,,,,,,,
days,total_active_users,38.0,2025-10-11,,,,,,,
days,total_engaged_users,24.0,2025-10-11,,,,,,,
days,total_code_suggestions,2886.0,2025-10-11,,,,,,,
days,total_code_acceptances,1926.0,2025-10-11,,,,,,,
days,ide_chat_total_chats,0.0,2025-10-11,,,,,,,
days,dotcom_chat_total_chats,30.0,2025-10-11,,,,,,,
days,total_active_users,44.0,2025-10-12,,,,,,,
days,total_engaged_users,30.0,2025-10-12,,,,,,,
days,total_code_suggestions,4017.0,2025-10-12,,,,,,,
days,total_code_acceptances,2170.0,2025-10-12,,,,,,,
days,ide_chat_total_chats,0.0,2025-10-12,,,,,,,
days,dotcom_chat_total_chats,29.0,2025-10-12,,,,,,,
days,total_active_users,61.0,2025-10-13,,,,,,,
days,total_engaged_users,41.0,2025-10-13,,,,,,,
days,total_code_suggestions,3422.0,2025-10-13,,,,,,,
days,total_code_acceptances,2495.0,2025-10-13,,,,,,,
days,ide_chat_total_chats,0.0,2025-10-13,,,,,,,
days,dotcom_chat_total_chats,55.0,2025-10-13,,,,,,,
weekly,total_code_suggestions,4859.0,,2025-06-30,,,,,,
weekly,total_code_acceptances,2854.0,,2025-06-30,,,,,,
weekly,ide_chat_total_chats,0.0,,2025-06-30,,,,,,
weekly,dotcom_chat_total_chats,20.0,,2025-06-30,,,,,,
weekly,total_active_users,44.0,,2025-06-30,,,,,,
weekly,total_engaged_users,30.0,,2025-06-30,,,,,,
weekly,total_code_suggestions,27115.0,,2025-07-07,,,,,,
weekly,total_code_acceptances,16259.0,,2025-07-07,,,,,,
weekly,ide_chat_total_chats,0.0,,2025-07-07,,,,,,
weekly,dotcom_chat_total_chats,231.0,,2025-07-07,,,,,,
weekly,total_active_users,320.0,,2025-07-07,,,,,,
weekly,total_engaged_users,229.0,,2025-07-07,,,,,,
weekly,total_code_suggestions,27165.0,,2025-07-14,,,,,,
weekly,total_code_acceptances,14513.0,,2025-07-14,,,,,,
weekly,ide_chat_total_chats,0.0,,2025-07-14,,,,,,
weekly,dotcom_chat_total_chats,261.0,,2025-07-14,,,,,,
weekly,total_active_users,320.0,,2025-07-14,,,,,,
weekly,total_engaged_users,226.0,,2025-07-14,,,,,,
weekly,total_code_suggestions,24335.0,,2025-07-21,,,,,,
weekly,total_code_acceptances,13500.0,,2025-07-21,,,,,,
weekly,ide_chat_total_chats,0.0,,2025-07-21,,,,,,
weekly,dotcom_chat_total_chats,190.0,,2025-07-21,,,,,,
weekly,total_active_users,308.0,,2025-07-21,,,,,,
weekly,total_engaged_users,213.0,,2025-07-21,,,,,,
weekly,total_code_suggestions,27181.0,,2025-07-28,,,,,,
weekly,total_code_acceptances,15800.0,,2025-07-28,,,,,,
weekly,ide_chat_total_chats,0.0,,2025-07-28,,,,,,
weekly,dotcom_chat_total_chats,224.0,,2025-07-28,,,,,,
weekly,total_active_users,338.0,,2025-07-28,,,,,,
weekly,total_engaged_users,227.0,,2025-07-28,,,,,,
weekly,total_code_suggestions,22093.0,,2025-08-04,,,,,,
weekly,total_code_acceptances,12187.0,,2025-08-04,,,,,,
weekly,ide_chat_total_chats,0.0,,2025-08-04,,,,,,
weekly,dotcom_chat_total_chats,266.0,,2025-08-04,,,,,,
weekly,total_active_users,299.0,,2025-08-04,,,,,,
weekly,total_engaged_users,202.0,,2025-08-04,,,,,,
weekly,total_code_suggestions,23965.0,,2025-08-11,,,,,,
weekly,total_code_acceptances,13315.0,,2025-08-11,,,,,,
weekly,ide_chat_total_chats,0.0,,2025-08-11,,,,,,
weekly,dotcom_chat_total_chats,284.0,,2025-08-11,,,,,,
weekly,total_active_users,308.0,,2025-08-11,,,,,,
weekly,total_engaged_users,220.0,,2025-08-11,,,,,,
weekly,total_code_suggestions,26646.0,,2025-08-18,,,,,,
weekly,total_code_acceptances,15157.0,,2025-08-18,,,,,,
weekly,ide_chat_total_chats,0.0,,2025-08-18,,,,,,
weekly,dotcom_chat_total_chats,371.0,,2025-08-18,,,,,,
weekly,total_active_users,359.0,,2025-08-18,,,,,,
weekly,total_engaged_users,251.0,,2025-08-18,,,,,,
weekly,total_code_suggestions,25293.0,,2025-08-25,,,,,,
weekly,total_code_acceptances,14249.0,,2025-08-25,,,,,,
weekly,ide_chat_total_chats,0.0,,2025-08-25,,,,,,
weekly,dotcom_chat_total_chats,298.0,,2025-08-25,,,,,,
weekly,total_active_users,350.0,,2025-08-25,,,,,,
weekly,total_engaged_users,239.0,,2025-08-25,,,,,,
weekly,total_code_suggestions,27743.0,,2025-09-01,,,,,,
weekly,total_code_acceptances,16711.0,,2025-09-01,,,,,,
weekly,ide_chat_total_chats,0.0,,2025-09-01,,,,,,
weekly,dotcom_chat_total_chats,223.0,,2025-09-01,,,,,,
weekly,total_active_users,367.0,,2025-09-01,,,,,,
weekly,total_engaged_users,245.0,,2025-09-01,,,,,,
weekly,total_code_suggestions,28459.0,,2025-09-08,,,,,,
weekly,total_code_acceptances,16043.0,,2025-09-08,,,,,,
weekly,ide_chat_total_chats,0.0,,2025-09-08,,,,,,
weekly,dotcom_chat_total_chats,283.0,,2025-09-08,,,,,,
weekly,total_active_users,362.0,,2025-09-08,,,,,,
weekly,total_engaged_users,252.0,,2025-09-08,,,,,,
weekly,total_code_suggestions,32796.0,,2025-09-15,,,,,,
weekly,total_code_acceptances,18532.0,,2025-09-15,,,,,,
weekly,ide_chat_total_chats,0.0,,2025-09-15,,,,,,
weekly,dotcom_chat_total_chats,219.0,,2025-09-15,,,,,,
weekly,total_active_users,371.0,,2025-09-15,,,,,,
weekly,total_engaged_users,258.0,,2025-09-15,,,,,,
weekly,total_code_suggestions,28744.0,,2025-09-22,,,,,,
weekly,total_code_acceptances,17513.0,,2025-09-22,,,,,,
weekly,ide_chat_total_chats,0.0,,2025-09-22,,,,,,
weekly,dotcom_chat_total_chats,232.0,,2025-09-22,,,,,,
weekly,total_active_users,359.0,,2025-09-22,,,,,,
weekly,total_engaged_users,243.0,,2025-09-22,,,,,,
weekly,total_code_suggestions,28014.0,,2025-09-29,,,,,,
weekly,total_code_acceptances,17017.0,,2025-09-29,,,,,,
weekly,ide_chat_total_chats,0.0,,2025-09-29,,,,,,
weekly,dotcom_chat_total_chats,332.0,,2025-09-29,,,,,,
weekly,total_active_users,372.0,,2025-09-29,,,,,,
weekly,total_engaged_users,268.0,,2025-09-29,,,,,,
weekly,total_code_suggestions,29864.0,,2025-10-06,,,,,,
weekly,total_code_acceptances,17529.0,,2025-10-06,,,,,,
weekly,ide_chat_total_chats,0.0,,2025-10-06,,,,,,
weekly,dotcom_chat_total_chats,265.0,,2025-10-06,,,,,,
weekly,total_active_users,369.0,,2025-10-06,,,,,,
weekly,total_engaged_users,244.0,,2025-10-06,,,,,,
weekly,total_code_suggestions,3422.0,,2025-10-13,,,,,,
weekly,total_code_acceptances,2495.0,,2025-10-13,,,,,,
weekly,ide_chat_total_chats,0.0,,2025-10-13,,,,,,
weekly,dotcom_chat_total_chats,55.0,,2025-10-13,,,,,,
weekly,total_active_users,61.0,,2025-10-13,,,,,,
weekly,total_engaged_users,41.0,,2025-10-13,,,,,,
kpi,sum_active_users,4907.0,,,,,,,,
kpi,sum_engaged_users,3388.0,,,,,,,,
kpi,adoption_rate,0.6904422253922967,,,,,,,,
kpi,sum_acceptances,223674.0,,,,,,,,
kpi,sum_suggestions,387694.0,,,,,,,,
kpi,estimated_time_saved_hours,621.32,,,,,,,,
kpi,sum_ide_chats,0.0,,,,,,,,
kpi,sum_dotcom_chats,3754.0,,,,,,,,
repo,total_pr_summaries_created,3.0,2025-07-06,,,,,org/repo-1,default,
repo,total_pr_summaries_created,1.0,2025-07-06,,,,,org/repo-2,default,
repo,total_pr_summaries_created,1.0,2025-07-06,,,,,org/repo-3,default,
repo,total_pr_summaries_created,1.0,2025-07-06,,,,,org/repo-4,default,
repo,total_pr_summaries_created,2.0,2025-07-06,,,,,org/repo-5,default,
repo,total_pr_summaries_created,1.0,2025-07-06,,,,,org/repo-6,default,
repo,total_pr_summaries_created,1.0,2025-07-06,,,,,org/repo-7,default,
repo,total_pr_summaries_created,1.0,2025-07-06,,,,,org/repo-9,default,
repo,total_pr_summaries_created,1.0,2025-07-06,,,,,org/repo-10,default,
repo,total_pr_summaries_created,3.0,2025-07-07,,,,,org/repo-1,default,
repo,total_pr_summaries_created,1.0,2025-07-07,,,,,org/repo-2,default,
repo,total_pr_summaries_created,1.0,2025-07-07,,,,,org/repo-3,default,
repo,total_pr_summaries_created,4.0,2025-07-07,,,,,org/repo-4,default,
repo,total_pr_summaries_created,1.0,2025-07-07,,,,,org/repo-5,default,
repo,total_pr_summaries_created,2.0,2025-07-07,,,,,org/repo-6,default,
repo,total_pr_summaries_created,2.0,2025-07-07,,,,,org/repo-7,default,
repo,total_pr_summaries_created,2.0,2025-07-07,,,,,org/repo-8,default,
repo,total_pr_summaries_created,3.0,2025-07-07,,,,,org/repo-9,default,
repo,total_pr_summaries_created,1.0,2025-07-07,,,,,org/repo-10,default,
repo,total_pr_summaries_created,1.0,2025-07-08,,,,,org/repo-1,default,
repo,total_pr_summaries_created,2.0,2025-07-08,,,,,org/repo-2,default,
repo,total_pr_summaries_created,1.0,2025-07-08,,,,,org/repo-3,default,
repo,total_pr_summaries_created,2.0,2025-07-08,,,,,org/repo-4,default,
repo,total_pr_summaries_created,3.0,2025-07-08,,,,,org/repo-5,default,
repo,total_pr_summaries_created,2.0,2025-07-08,,,,,org/repo-6,default,
repo,total_pr_summaries_created,3.0,2025-07-08,,,,,org/repo-7,default,
repo,total_pr_summaries_created,3.0,2025-07-08,,,,,org/repo-8,default,
repo,total_pr_summaries_created,1.0,2025-07-08,,,,,org/repo-10,default,
repo,total_pr_summaries_created,2.0,2025-07-09,,,,,org/repo-1,default,
repo,total_pr_summaries_created,1.0,2025-07-09,,,,,org/repo-2,default,
repo,total_pr_summaries_created,1.0,2025-07-09,,,,,org/repo-4,default,
repo,total_pr_summaries_created,1.0,2025-07-09,,,,,org/repo-5,default,
repo,total_pr_summaries_created,1.0,2025-07-09,,,,,org/repo-6,default,
repo,total_pr_summaries_created,1.0,2025-07-09,,,,,org/repo-7,default,
repo,total_pr_summaries_created,1.0,2025-07-09,,,,,org/repo-8,default,
repo,total_pr_summaries_created,1.0,2025-07-09,,,,,org/repo-9,default,
repo,total_pr_summaries_created,3.0,2025-07-11,,,,,org/repo-1,default,
repo,total_pr_summaries_created,2.0,2025-07-11,,,,,org/repo-2,default,
repo,total_pr_summaries_created,2.0,2025-07-11,,,,,org/repo-3,default,
repo,total_pr_summaries_created,1.0,2025-07-11,,,,,org/repo-4,default,
repo,total_pr_summaries_created,1.0,2025-07-11,,,,,org/repo-5,default,
repo,total_pr_summaries_created,1.0,2025-07-11,,,,,org/repo-6,default,
repo,total_pr_summaries_created,1.0,2025-07-11,,,,,org/repo-7,default,
repo,total_pr_summaries_created,1.0,2025-07-11,,,,,org/repo-8,default,
repo,total_pr_summaries_created,1.0,2025-07-11,,,,,org/repo-9,default,
repo,total_pr_summaries_created,1.0,2025-07-11,,,,,org/repo-10,default,
repo,total_pr_summaries_created,2.0,2025-07-13,,,,,org/repo-1,default,
repo,total_pr_summaries_created,1.0,2025-07-13,,,,,org/repo-2,default,
repo,total_pr_summaries_created,1.0,2025-07-13,,,,,org/repo-3,default,
repo,total_pr_summaries_created,1.0,2025-07-13,,,,,org/repo-4,default,
repo,total_pr_summaries_created,1.0,2025-07-13,,,,,org/repo-5,default,
repo,total_pr_summaries_created,1.0,2025-07-13,,,,,org/repo-6,default,
repo,total_pr_summaries_created,1.0,2025-07-13,,,,,org/repo-7,default,
repo,total_pr_summaries_created,1.0,2025-07-13,,,,,org/repo-8,default,
repo,total_pr_summaries_created,1.0,2025-07-13,,,,,org/repo-9,default,
repo,total_pr_summaries_created,1.0,2025-07-13,,,,,org/repo-10,default,
repo,total_pr_summaries_created,3.0,2025-07-14,,,,,org/repo-1,default,
repo,total_pr_summaries_created,2.0,2025-07-14,,,,,org/repo-2,default,
repo,total_pr_summaries_created,2.0,2025-07-14,,,,,org/repo-3,default,
repo,total_pr_summaries_created,1.0,2025-07-14,,,,,org/repo-4,default,
repo,total_pr_summaries_created,2.0,2025-07-14,,,,,org/repo-5,default,
repo,total_pr_summaries_created,3.0,2025-07-14,,,,,org/repo-6,default,
repo,total_pr_summaries_created,2.0,2025-07-14,,,,,org/repo-7,default,
repo,total_pr_summaries_created,1.0,2025-07-14,,,,,org/repo-8,default,
repo,total_pr_summaries_created,2.0,2025-07-14,,,,,org/repo-9,default,
repo,total_pr_summaries_created,1.0,2025-07-15,,,,,org/repo-2,default,
repo,total_pr_summaries_created,1.0,2025-07-15,,,,,org/repo-4,default,
repo,total_pr_summaries_created,1.0,2025-07-15,,,,,org/repo-5,default,
repo,total_pr_summaries_created,1.0,2025-07-15,,,,,org/repo-7,default,
repo,total_pr_summaries_created,1.0,2025-07-15,,,,,org/repo-8,default,
repo,total_pr_summaries_created,1.0,2025-07-15,,,,,org/repo-9,default,
repo,total_pr_summaries_created,2.0,2025-07-16,,,,,org/repo-3,default,
repo,total_pr_summaries_created,2.0,2025-07-16,,,,,org/repo-4,default,
repo,total_pr_summaries_created,1.0,2025-07-16,,,,,org/repo-5,default,
repo,total_pr_summaries_created,2.0,2025-07-16,,,,,org/repo-6,default,
repo,total_pr_summaries_created,1.0,2025-07-16,,,,,org/repo-8,default,
repo,total_pr_summaries_created,2.0,2025-07-16,,,,,org/repo-10,default,
repo,total_pr_summaries_created,2.0,2025-07-17,,,,,org/repo-1,default,
repo,total_pr_summaries_created,2.0,2025-07-17,,,,,org/repo-2,default,
repo,total_pr_summaries_created,1.0,2025-07-17,,,,,org/repo-4,default,
repo,total_pr_summaries_created,1.0,2025-07-17,,,,,org/repo-6,default,
repo,total_pr_summaries_created,2.0,2025-07-17,,,,,org/repo-7,default,
repo,total_pr_summaries_created,1.0,2025-07-17,,,,,org/repo-8,default,
repo,total_pr_summaries_created,2.0,2025-07-17,,,,,org/repo-9,default,
repo,total_pr_summaries_created,1.0,2025-07-17,,,,,org/repo-10,default,
repo,total_pr_summaries_created,2.0,2025-07-18,,,,,org/repo-1,default,
repo,total_pr_summaries_created,1.0,2025-07-18,,,,,org/repo-2,default,
repo,total_pr_summaries_created,1.0,2025-07-18,,,,,org/repo-4,default,
repo,total_pr_summaries_created,2.0,2025-07-18,,,,,org/repo-5,default,
repo,total_pr_summaries_created,1.0,2025-07-18,,,,,org/repo-6,default,
repo,total_pr_summaries_created,2.0,2025-07-18,,,,,org/repo-7,default,
repo,total_pr_summaries_created,1.0,2025-07-18,,,,,org/repo-8,default,
repo,total_pr_summaries_created,2.0,2025-07-18,,,,,org/repo-9,default,
repo,total_pr_summaries_created,2.0,2025-07-18,,,,,org/repo-10,default,
repo,total_pr_summaries_created,2.0,2025-07-19,,,,,org/repo-1,default,
repo,total_pr_summaries_created,1.0,2025-07-19,,,,,org/repo-2,default,
repo,total_pr_summaries_created,1.0,2025-07-19,,,,,org/repo-4,default,
repo,total_pr_summaries_created,1.0,2025-07-19,,,,,org/repo-5,default,
repo,total_pr_summaries_created,2.0,2025-07-19,,,,,org/repo-6,default,
repo,total_pr_summaries_created,1.0,2025-07-19,,,,,org/repo-7,default,
repo,total_pr_summaries_created,1.0,2025-07-19,,,,,org/repo-8,default,
repo,total_pr_summaries_created,1.0,2025-07-19,,,,,org/repo-9,default,
repo,total_pr_summaries_created,2.0,2025-07-19,,,,,org/repo-10,default,
repo,total_pr_summaries_created,4.0,2025-07-20,,,,,org/repo-1,default,
repo,total_pr_summaries_created,1.0,2025-07-20,,,,,org/repo-2,default,
repo,total_pr_summaries_created,1.0,2025-07-20,,,,,org/repo-4,default,
repo,total_pr_summaries_created,2.0,2025-07-20,,,,,org/repo-5,default,
repo,total_pr_summaries_created,1.0,2025-07-20,,,,,org/repo-6,default,
repo,total_pr_summaries_created,3.0,2025-07-20,,,,,org/repo-7,default,
repo,total_pr_summaries_created,3.0,2025-07-20,,,,,org/repo-8,default,
repo,total_pr_summaries_created,3.0,2025-07-20,,,,,org/repo-9,default,
repo,total_pr_summaries_created,1.0,2025-07-20,,,,,org/repo-10,default,
repo,total_pr_summaries_created,1.0,2025-07-21,,,,,org/repo-1,default,
repo,total_pr_summaries_created,2.0,2025-07-21,,,,,org/repo-3,default,
repo,total_pr_summaries_created,3.0,2025-07-21,,,,,org/repo-4,default,
repo,total_pr_summaries_created,2.0,2025-07-21,,,,,org/repo-5,default,
repo,total_pr_summaries_created,1.0,2025-07-21,,,,,org/repo-6,default,
repo,total_pr_summaries_created,1.0,2025-07-21,,,,,org/repo-7,default,
repo,total_pr_summaries_created,2.0,2025-07-21,,,,,org/repo-8,default,
repo,total_pr_summaries_created,1.0,2025-07-21,,,,,org/repo-9,default,
repo,total_pr_summaries_created,2.0,2025-07-21,,,,,org/repo-10,default,
repo,total_pr_summaries_created,3.0,2025-07-22,,,,,org/repo-5,default,
repo,total_pr_summaries_created,1.0,2025-07-22,,,,,org/repo-7,default,
repo,total_pr_summaries_created,1.0,2025-07-22,,,,,org/repo-8,default,
repo,total_pr_summaries_created,1.0,2025-07-25,,,,,org/repo-2,default,
repo,total_pr_summaries_created,3.0,2025-07-25,,,,,org/repo-3,default,
repo,total_pr_summaries_created,2.0,2025-07-25,,,,,org/repo-4,default,
repo,total_pr_summaries_created,3.0,2025-07-25,,,,,org/repo-5,default,
repo,total_pr_summaries_created,1.0,2025-07-25,,,,,org/repo-6,default,
repo,total_pr_summaries_created,2.0,2025-07-25,,,,,org/repo-8,default,
repo,total_pr_summaries_created,1.0,2025-07-25,,,,,org/repo-9,default,
repo,total_pr_summaries_created,3.0,2025-07-25,,,,,org/repo-10,default,
repo,total_pr_summaries_created,1.0,2025-07-26,,,,,org/repo-1,default,
repo,total_pr_summaries_created,1.0,2025-07-26,,,,,org/repo-2,default,
repo,total_pr_summaries_created,1.0,2025-07-26,,,,,org/repo-3,default,
repo,total_pr_summaries_created,1.0,2025-07-26,,,,,org/repo-4,default,
repo,total_pr_summaries_created,2.0,2025-07-26,,,,,org/repo-5,default,
repo,total_pr_summaries_created,1.0,2025-07-26,,,,,org/repo-6,default,
repo,total_pr_summaries_created,1.0,2025-07-26,,,,,org/repo-7,default,
repo,total_pr_summaries_created,1.0,2025-07-26,,,,,org/repo-8,default,
repo,total_pr_summaries_created,2.0,2025-07-26,,,,,org/repo-9,default,
repo,total_pr_summaries_created,1.0,2025-07-26,,,,,org/repo-10,default,
repo,total_pr_summaries_created,1.0,2025-07-27,,,,,org/repo-1,default,
repo,total_pr_summaries_created,1.0,2025-07-27,,,,,org/repo-2,default,
repo,total_pr_summaries_created,2.0,2025-07-27,,,,,org/repo-3,default,
repo,total_pr_summaries_created,1.0,2025-07-27,,,,,org/repo-4,default,
repo,total_pr_summaries_created,1.0,2025-07-27,,,,,org/repo-6,default,
repo,total_pr_summaries_created,1.0,2025-07-27,,,,,org/repo-7,default,
repo,total_pr_summaries_created,1.0,2025-07-27,,,,,org/repo-8,default,
repo,total_pr_summaries_created,1.0,2025-07-27,,,,,org/repo-9,default,
repo,total_pr_summaries_created,1.0,2025-07-27,,,,,org/repo-10,default,
repo,total_pr_summaries_created,2.0,2025-07-28,,,,,org/repo-1,default,
repo,total_pr_summaries_created,2.0,2025-07-28,,,,,org/repo-2,default,
repo,total_pr_summaries_created,2.0,2025-07-28,,,,,org/repo-3,default,
repo,total_pr_summaries_created,3.0,2025-07-28,,,,,org/repo-4,default,
repo,total_pr_summaries_created,1.0,2025-07-28,,,,,org/repo-5,default,
repo,total_pr_summaries_created,1.0,2025-07-28,,,,,org/repo-6,default,
repo,total_pr_summaries_created,1.0,2025-07-28,,,,,org/repo-7,default,
repo,total_pr_summaries_created,2.0,2025-07-28,,,,,org/repo-8,default,
repo,total_pr_summaries_created,1.0,2025-07-28,,,,,org/repo-9,default,
repo,total_pr_summaries_created,2.0,2025-07-28,,,,,org/repo-10,default,
repo,total_pr_summaries_created,1.0,2025-07-29,,,,,org/repo-2,default,
repo,total_pr_summaries_created,1.0,2025-07-29,,,,,org/repo-3,default,
repo,total_pr_summaries_created,1.0,2025-07-29,,,,,org/repo-4,default,
repo,total_pr_summaries_created,1.0,2025-07-29,,,,,org/repo-5,default,
repo,total_pr_summaries_created,1.0,2025-07-29,,,,,org/repo-6,default,
repo,total_pr_summaries_created,1.0,2025-07-29,,,,,org/repo-7,default,
repo,total_pr_summaries_created,1.0,2025-07-29,,,,,org/repo-8,default,
repo,total_pr_summaries_created,1.0,2025-07-29,,,,,org/repo-9,default,
repo,total_pr_summaries_created,1.0,2025-07-29,,,,,org/repo-10,default,
repo,total_pr_summaries_created,1.0,2025-07-30,,,,,org/repo-1,default,
repo,total_pr_summaries_created,1.0,2025-07-30,,,,,org/repo-2,default,
repo,total_pr_summaries_created,1.0,2025-07-30,,,,,org/repo-3,default,
repo,total_pr_summaries_created,1.0,2025-07-30,,,,,org/repo-5,default,
repo,total_pr_summaries_created,1.0,2025-07-30,,,,,org/repo-6,default,
repo,total_pr_summaries_created,1.0,2025-07-30,,,,,org/repo-8,default,
repo,total_pr_summaries_created,1.0,2025-07-30,,,,,org/repo-9,default,
repo,total_pr_summaries_created,1.0,2025-07-30,,,,,org/repo-10,default,
repo,total_pr_summaries_created,1.0,2025-08-01,,,,,org/repo-1,default,
repo,total_pr_summaries_created,1.0,2025-08-01,,,,,org/repo-2,default,
repo,total_pr_summaries_created,1.0,2025-08-01,,,,,org/repo-5,default,
repo,total_pr_summaries_created,1.0,2025-08-01,,,,,org/repo-6,default,
repo,total_pr_summaries_created,1.0,2025-08-01,,,,,org/repo-7,default,
repo,total_pr_summaries_created,1.0,2025-08-01,,,,,org/repo-8,default,
repo,total_pr_summaries_created,1.0,2025-08-01,,,,,org/repo-10,default,
repo,total_pr_summaries_created,1.0,2025-08-02,,,,,org/repo-1,default,
repo,total_pr_summaries_created,1.0,2025-08-02,,,,,org/repo-2,default,
repo,total_pr_summaries_created,1.0,2025-08-02,,,,,org/repo-3,default,
repo,total_pr_summaries_created,1.0,2025-08-02,,,,,org/repo-4,default,
repo,total_pr_summaries_created,1.0,2025-08-02,,,,,org/repo-5,default,
repo,total_pr_summaries_created,1.0,2025-08-02,,,,,org/repo-6,default,
repo,total_pr_summaries_created,1.0,2025-08-02,,,,,org/repo-7,default,
repo,total_pr_summaries_created,1.0,2025-08-02,,,,,org/repo-8,default,
repo,total_pr_summaries_created,1.0,2025-08-02,,,,,org/repo-9,default,
repo,total_pr_summaries_created,1.0,2025-08-02,,,,,org/repo-10,default,
repo,total_pr_summaries_created,3.0,2025-08-03,,,,,org/repo-1,default,
repo,total_pr_summaries_created,1.0,2025-08-03,,,,,org/repo-4,default,
repo,total_pr_summaries_created,1.0,2025-08-03,,,,,org/repo-6,default,
repo,total_pr_summaries_created,1.0,2025-08-03,,,,,org/repo-10,default,
repo,total_pr_summaries_created,1.0,2025-08-05,,,,,org/repo-2,default,
repo,total_pr_summaries_created,1.0,2025-08-05,,,,,org/repo-4,default,
repo,total_pr_summaries_created,1.0,2025-08-05,,,,,org/repo-5,default,
repo,total_pr_summaries_created,1.0,2025-08-05,,,,,org/repo-6,default,
repo,total_pr_summaries_created,1.0,2025-08-05,,,,,org/repo-7,default,
repo,total_pr_summaries_created,1.0,2025-08-05,,,,,org/repo-10,default,
repo,total_pr_summaries_created,2.0,2025-08-06,,,,,org/repo-1,default,
repo,total_pr_summaries_created,5.0,2025-08-06,,,,,org/repo-2,default,
repo,total_pr_summaries_created,2.0,2025-08-06,,,,,org/repo-3,default,
repo,total_pr_summaries_created,3.0,2025-08-06,,,,,org/repo-4,default,
repo,total_pr_summaries_created,2.0,2025-08-06,,,,,org/repo-5,default,
repo,total_pr_summaries_created,2.0,2025-08-06,,,,,org/repo-6,default,
repo,total_pr_summaries_created,2.0,2025-08-06,,,,,org/repo-7,default,
repo,total_pr_summaries_created,5.0,2025-08-06,,,,,org/repo-8,default,
repo,total_pr_summaries_created,1.0,2025-08-06,,,,,org/repo-9,default,
repo,total_pr_summaries_created,3.0,2025-08-06,,,,,org/repo-10,default,
repo,total_pr_summaries_created,1.0,2025-08-07,,,,,org/repo-1,default,
repo,total_pr_summaries_created,1.0,2025-08-07,,,,,org/repo-2,default,
repo,total_pr_summaries_created,1.0,2025-08-07,,,,,org/repo-3,default,
repo,total_pr_summaries_created,1.0,2025-08-07,,,,,org/repo-4,default,
repo,total_pr_summaries_created,1.0,2025-08-07,,,,,org/repo-5,default,
repo,total_pr_summaries_created,1.0,2025-08-07,,,,,org/repo-6,default,
repo,total_pr_summaries_created,2.0,2025-08-07,,,,,org/repo-9,default,
repo,total_pr_summaries_created,2.0,2025-08-07,,,,,org/repo-10,default,
repo,total_pr_summaries_created,2.0,2025-08-08,,,,,org/repo-1,default,
repo,total_pr_summaries_created,1.0,2025-08-08,,,,,org/repo-2,default,
repo,total_pr_summaries_created,1.0,2025-08-08,,,,,org/repo-3,default,
repo,total_pr_summaries_created,2.0,2025-08-08,,,,,org/repo-4,default,
repo,total_pr_summaries_created,1.0,2025-08-08,,,,,org/repo-5,default,
repo,total_pr_summaries_created,1.0,2025-08-08,,,,,org/repo-6,default,
repo,total_pr_summaries_created,1.0,2025-08-08,,,,,org/repo-7,default,
repo,total_pr_summaries_created,1.0,2025-08-08,,,,,org/repo-8,default,
repo,total_pr_summaries_created,3.0,2025-08-08,,,,,org/repo-9,default,
repo,total_pr_summaries_created,2.0,2025-08-08,,,,,org/repo-10,default,
repo,total_pr_summaries_created,1.0,2025-08-09,,,,,org/repo-2,default,
repo,total_pr_summaries_created,1.0,2025-08-09,,,,,org/repo-6,default,
repo,total_pr_summaries_created,1.0,2025-08-09,,,,,org/repo-8,default,
repo,total_pr_summaries_created,1.0,2025-08-09,,,,,org/repo-9,default,
repo,total_pr_summaries_created,1.0,2025-08-09,,,,,org/repo-10,default,
repo,total_pr_summaries_created,3.0,2025-08-10,,,,,org/repo-1,default,
repo,total_pr_summaries_created,2.0,2025-08-10,,,,,org/repo-2,default,
repo,total_pr_summaries_created,1.0,2025-08-10,,,,,org/repo-3,default,
repo,total_pr_summaries_created,1.0,2025-08-10,,,,,org/repo-4,default,
repo,total_pr_summaries_created,2.0,2025-08-10,,,,,org/repo-5,default,
repo,total_pr_summaries_created,1.0,2025-08-10,,,,,org/repo-6,default,
repo,total_pr_summaries_created,1.0,2025-08-10,,,,,org/repo-7,default,
repo,total_pr_summaries_created,1.0,2025-08-10,,,,,org/repo-9,default,
repo,total_pr_summaries_created,2.0,2025-08-10,,,,,org/repo-10,default,
repo,total_pr_summaries_created,3.0,2025-08-11,,,,,org/repo-1,default,
repo,total_pr_summaries_created,4.0,2025-08-11,,,,,org/repo-2,default,
repo,total_pr_summaries_created,4.0,2025-08-11,,,,,org/repo-3,default,
repo,total_pr_summaries_created,1.0,2025-08-11,,,,,org/repo-4,default,
repo,total_pr_summaries_created,1.0,2025-08-11,,,,,org/repo-6,default,
repo,total_pr_summaries_created,2.0,2025-08-11,,,,,org/repo-7,default,
repo,total_pr_summaries_created,2.0,2025-08-11,,,,,org/repo-8,default,
repo,total_pr_summaries_created,1.0,2025-08-11,,,,,org/repo-9,default,
repo,total_pr_summaries_created,1.0,2025-08-11,,,,,org/repo-10,default,
repo,total_pr_summaries_created,3.0,2025-08-13,,,,,org/repo-1,default,
repo,total_pr_summaries_created,3.0,2025-08-13,,,,,org/repo-2,default,
repo,total_pr_summaries_created,1.0,2025-08-13,,,,,org/repo-3,default,
repo,total_pr_summaries_created,1.0,2025-08-13,,,,,org/repo-4,default,
repo,total_pr_summaries_created,3.0,2025-08-13,,,,,org/repo-5,default,
repo,total_pr_summaries_created,1.0,2025-08-13,,,,,org/repo-6,default,
repo,total_pr_summaries_created,2.0,2025-08-13,,,,,org/repo-7,default,
repo,total_pr_summaries_created,1.0,2025-08-13,,,,,org/repo-8,default,
repo,total_pr_summaries_created,3.0,2025-08-13,,,,,org/repo-9,default,
repo,total_pr_summaries_created,2.0,2025-08-13,,,,,org/repo-10,default,
repo,total_pr_summaries_created,1.0,2025-08-14,,,,,org/repo-1,default,
repo,total_pr_summaries_created,1.0,2025-08-14,,,,,org/repo-2,default,
repo,total_pr_summaries_created,1.0,2025-08-14,,,,,org/repo-3,default,
repo,total_pr_summaries_created,1.0,2025-08-14,,,,,org/repo-4,default,
repo,total_pr_summaries_created,1.0,2025-08-14,,,,,org/repo-5,default,
repo,total_pr_summaries_created,1.0,2025-08-14,,,,,org/repo-6,default,
repo,total_pr_summaries_created,1.0,2025-08-14,,,,,org/repo-7,default,
repo,total_pr_summaries_created,1.0,2025-08-14,,,,,org/repo-8,default,
repo,total_pr_summaries_created,1.0,2025-08-14,,,,,org/repo-9,default,
repo,total_pr_summaries_created,1.0,2025-08-14,,,,,org/repo-10,default,
repo,total_pr_summaries_created,1.0,2025-08-15,,,,,org/repo-1,default,
repo,total_pr_summaries_created,1.0,2025-08-15,,,,,org/repo-2,default,
repo,total_pr_summaries_created,1.0,2025-08-15,,,,,org/repo-3,default,
repo,total_pr_summaries_created,1.0,2025-08-15,,,,,org/repo-4,default,
repo,total_pr_summaries_created,1.0,2025-08-15,,,,,org/repo-5,default,
repo,total_pr_summaries_created,1.0,2025-08-15,,,,,org/repo-6,default,
repo,total_pr_summaries_created,1.0,2025-08-15,,,,,org/repo-7,default,
repo,total_pr_summaries_created,1.0,2025-08-15,,,,,org/repo-8,default,
repo,total_pr_summaries_created,2.0,2025-08-15,,,,,org/repo-9,default,
repo,total_pr_summaries_created,1.0,2025-08-15,,,,,org/repo-10,default,
repo,total_pr_summaries_created,1.0,2025-08-16,,,,,org/repo-1,default,
repo,total_pr_summaries_created,1.0,2025-08-16,,,,,org/repo-2,default,
repo,total_pr_summaries_created,2.0,2025-08-16,,,,,org/repo-3,default,
repo,total_pr_summaries_created,4.0,2025-08-16,,,,,org/repo-4,default,
repo,total_pr_summaries_created,1.0,2025-08-16,,,,,org/repo-5,default,
repo,total_pr_summaries_created,2.0,2025-08-16,,,,,org/repo-6,default,
repo,total_pr_summaries_created,1.0,2025-08-16,,,,,org/repo-7,default,
repo,total_pr_summaries_created,1.0,2025-08-16,,,,,org/repo-8,default,
repo,total_pr_summaries_created,1.0,2025-08-16,,,,,org/repo-10,default,
repo,total_pr_summaries_created,1.0,2025-08-17,,,,,org/repo-1,default,
repo,total_pr_summaries_created,1.0,2025-08-17,,,,,org/repo-2,default,
repo,total_pr_summaries_created,1.0,2025-08-17,,,,,org/repo-3,default,
repo,total_pr_summaries_created,2.0,2025-08-17,,,,,org/repo-5,default,
repo,total_pr_summaries_created,1.0,2025-08-17,,,,,org/repo-6,default,
repo,total_pr_summaries_created,1.0,2025-08-17,,,,,org/repo-7,default,
repo,total_pr_summaries_created,2.0,2025-08-17,,,,,org/repo-9,default,
repo,total_pr_summaries_created,1.0,2025-08-17,,,,,org/repo-10,default,
repo,total_pr_summaries_created,4.0,2025-08-18,,,,,org/repo-1,default,
repo,total_pr_summaries_created,1.0,2025-08-18,,,,,org/repo-2,default,
repo,total_pr_summaries_created,2.0,2025-08-18,,,,,org/repo-3,default,
repo,total_pr_summaries_created,1.0,2025-08-18,,,,,org/repo-4,default,
repo,total_pr_summaries_created,5.0,2025-08-18,,,,,org/repo-5,default,
repo,total_pr_summaries_created,1.0,2025-08-18,,,,,org/repo-6,default,
repo,total_pr_summaries_created,1.0,2025-08-18,,,,,org/repo-7,default,
repo,total_pr_summaries_created,1.0,2025-08-18,,,,,org/repo-8,default,
repo,total_pr_summaries_created,4.0,2025-08-18,,,,,org/repo-9,default,
repo,total_pr_summaries_created,4.0,2025-08-18,,,,,org/repo-10,default,
repo,total_pr_summaries_created,1.0,2025-08-19,,,,,org/repo-1,default,
repo,total_pr_summaries_created,2.0,2025-08-19,,,,,org/repo-2,default,
repo,total_pr_summaries_created,3.0,2025-08-19,,,,,org/repo-3,default,
repo,total_pr_summaries_created,2.0,2025-08-19,,,,,org/repo-4,default,
repo,total_pr_summaries_created,1.0,2025-08-19,,,,,org/repo-5,default,
repo,total_pr_summaries_created,1.0,2025-08-19,,,,,org/repo-6,default,
repo,total_pr_summaries_created,3.0,2025-08-19,,,,,org/repo-9,default,
repo,total_pr_summaries_created,2.0,2025-08-20,,,,,org/repo-1,default,
repo,total_pr_summaries_created,4.0,2025-08-20,,,,,org/repo-2,default,
repo,total_pr_summaries_created,1.0,2025-08-20,,,,,org/repo-3,default,
repo,total_pr_summaries_created,1.0,2025-08-20,,,,,org/repo-4,default,
repo,total_pr_summaries_created,2.0,2025-08-20,,,,,org/repo-5,default,
repo,total_pr_summaries_created,2.0,2025-08-20,,,,,org/repo-6,default,
repo,total_pr_summaries_created,2.0,2025-08-20,,,,,org/repo-7,default,
repo,total_pr_summaries_created,2.0,2025-08-20,,,,,org/repo-8,default,
repo,total_pr_summaries_created,3.0,2025-08-20,,,,,org/repo-9,default,
repo,total_pr_summaries_created,2.0,2025-08-20,,,,,org/repo-10,default,
repo,total_pr_summaries_created,1.0,2025-08-21,,,,,org/repo-1,default,
repo,total_pr_summaries_created,1.0,2025-08-21,,,,,org/repo-2,default,
repo,total_pr_summaries_created,1.0,2025-08-21,,,,,org/repo-3,default,
repo,total_pr_summaries_created,2.0,2025-08-21,,,,,org/repo-4,default,
repo,total_pr_summaries_created,2.0,2025-08-21,,,,,org/repo-6,default,
repo,total_pr_summaries_created,2.0,2025-08-21,,,,,org/repo-7,default,
repo,total_pr_summaries_created,2.0,2025-08-21,,,,,org/repo-8,default,
repo,total_pr_summaries_created,4.0,2025-08-21,,,,,org/repo-9,default,
repo,total_pr_summaries_created,2.0,2025-08-21,,,,,org/repo-10,default,
repo,total_pr_summaries_created,4.0,2025-08-22,,,,,org/repo-1,default,
repo,total_pr_summaries_created,2.0,2025-08-22,,,,,org/repo-2,default,
repo,total_pr_summaries_created,4.0,2025-08-22,,,,,org/repo-3,default,
repo,total_pr_summaries_created,2.0,2025-08-22,,,,,org/repo-4,default,
repo,total_pr_summaries_created,2.0,2025-08-22,,,,,org/repo-5,default,
repo,total_pr_summaries_created,1.0,2025-08-22,,,,,org/repo-7,default,
repo,total_pr_summaries_created,2.0,2025-08-22,,,,,org/repo-8,default,
repo,total_pr_summaries_created,2.0,2025-08-22,,,,,org/repo-9,default,
repo,total_pr_summaries_created,3.0,2025-08-23,,,,,org/repo-1,default,
repo,total_pr_summaries_created,2.0,2025-08-23,,,,,org/repo-2,default,
repo,total_pr_summaries_created,3.0,2025-08-23,,,,,org/repo-3,default,
repo,total_pr_summaries_created,3.0,2025-08-23,,,,,org/repo-4,default,
repo,total_pr_summaries_created,2.0,2025-08-23,,,,,org/repo-5,default,
repo,total_pr_summaries_created,3.0,2025-08-23,,,,,org/repo-6,default,
repo,total_pr_summaries_created,1.0,2025-08-23,,,,,org/repo-7,default,
repo,total_pr_summaries_created,2.0,2025-08-23,,,,,org/repo-8,default,
repo,total_pr_summaries_created,2.0,2025-08-23,,,,,org/repo-9,default,
repo,total_pr_summaries_created,2.0,2025-08-23,,,,,org/repo-10,default,
repo,total_pr_summaries_created,1.0,2025-08-24,,,,,org/repo-2,default,
repo,total_pr_summaries_created,1.0,2025-08-24,,,,,org/repo-3,default,
repo,total_pr_summaries_created,1.0,2025-08-24,,,,,org/repo-4,default,
repo,total_pr_summaries_created,1.0,2025-08-24,,,,,org/repo-5,default,
repo,total_pr_summaries_created,1.0,2025-08-24,,,,,org/repo-6,default,
repo,total_pr_summaries_created,2.0,2025-08-24,,,,,org/repo-7,default,
repo,total_pr_summaries_created,1.0,2025-08-24,,,,,org/repo-9,default,
repo,total_pr_summaries_created,2.0,2025-08-25,,,,,org/repo-1,default,
repo,total_pr_summaries_created,3.0,2025-08-25,,,,,org/repo-2,default,
repo,total_pr_summaries_created,3.0,2025-08-25,,,,,org/repo-3,default,
repo,total_pr_summaries_created,1.0,2025-08-25,,,,,org/repo-4,default,
repo,total_pr_summaries_created,4.0,2025-08-25,,,,,org/repo-5,default,
repo,total_pr_summaries_created,1.0,2025-08-25,,,,,org/repo-6,default,
repo,total_pr_summaries_created,4.0,2025-08-25,,,,,org/repo-7,default,
repo,total_pr_summaries_created,3.0,2025-08-25,,,,,org/repo-8,default,
repo,total_pr_summaries_created,1.0,2025-08-25,,,,,org/repo-9,default,
repo,total_pr_summaries_created,2.0,2025-08-25,,,,,org/repo-10,default,
repo,total_pr_summaries_created,2.0,2025-08-26,,,,,org/repo-1,default,
repo,total_pr_summaries_created,1.0,2025-08-26,,,,,org/repo-2,default,
repo,total_pr_summaries_created,2.0,2025-08-26,,,,,org/repo-3,default,
repo,total_pr_summaries_created,1.0,2025-08-26,,,,,org/repo-4,default,
repo,total_pr_summaries_created,1.0,2025-08-26,,,,,org/repo-5,default,
repo,total_pr_summaries_created,1.0,2025-08-26,,,,,org/repo-6,default,
repo,total_pr_summaries_created,1.0,2025-08-26,,,,,org/repo-7,default,
repo,total_pr_summaries_created,3.0,2025-08-26,,,,,org/repo-8,default,
repo,total_pr_summaries_created,1.0,2025-08-26,,,,,org/repo-9,default,
repo,total_pr_summaries_created,2.0,2025-08-26,,,,,org/repo-10,default,
repo,total_pr_summaries_created,2.0,2025-08-27,,,,,org/repo-1,default,
repo,total_pr_summaries_created,1.0,2025-08-27,,,,,org/repo-2,default,
repo,total_pr_summaries_created,1.0,2025-08-27,,,,,org/repo-3,default,
repo,total_pr_summaries_created,1.0,2025-08-27,,,,,org/repo-6,default,
repo,total_pr_summaries_created,1.0,2025-08-27,,,,,org/repo-7,default,
repo,total_pr_summaries_created,3.0,2025-08-27,,,,,org/repo-8,default,
repo,total_pr_summaries_created,1.0,2025-08-27,,,,,org/repo-9,default,
repo,total_pr_summaries_created,1.0,2025-08-27,,,,,org/repo-10,default,
repo,total_pr_summaries_created,2.0,2025-08-28,,,,,org/repo-1,default,
repo,total_pr_summaries_created,1.0,2025-08-28,,,,,org/repo-2,default,
repo,total_pr_summaries_created,1.0,2025-08-28,,,,,org/repo-5,default,
repo,total_pr_summaries_created,1.0,2025-08-28,,,,,org/repo-6,default,
repo,total_pr_summaries_created,1.0,2025-08-28,,,,,org/repo-7,default,
repo,total_pr_summaries_created,2.0,2025-08-28,,,,,org/repo-8,default,
repo,total_pr_summaries_created,2.0,2025-08-28,,,,,org/repo-9,default,
repo,total_pr_summaries_created,1.0,2025-08-28,,,,,org/repo-10,default,
repo,total_pr_summaries_created,1.0,2025-08-29,,,,,org/repo-3,default,
repo,total_pr_summaries_created,1.0,2025-08-29,,,,,org/repo-4,default,
repo,total_pr_summaries_created,1.0,2025-08-29,,,,,org/repo-5,default,
repo,total_pr_summaries_created,1.0,2025-08-29,,,,,org/repo-6,default,
repo,total_pr_summaries_created,1.0,2025-08-29,,,,,org/repo-9,default,
repo,total_pr_summaries_created,1.0,2025-08-29,,,,,org/repo-10,default,
repo,total_pr_summaries_created,1.0,2025-08-30,,,,,org/repo-1,default,
repo,total_pr_summaries_created,1.0,2025-08-30,,,,,org/repo-2,default,
repo,total_pr_summaries_created,1.0,2025-08-30,,,,,org/repo-3,default,
repo,total_pr_summaries_created,1.0,2025-08-30,,,,,org/repo-4,default,
repo,total_pr_summaries_created,2.0,2025-08-30,,,,,org/repo-5,default,
repo,total_pr_summaries_created,1.0,2025-08-30,,,,,org/repo-6,default,
repo,total_pr_summaries_created,1.0,2025-08-30,,,,,org/repo-7,default,
repo,total_pr_summaries_created,2.0,2025-08-30,,,,,org/repo-8,default,
repo,total_pr_summaries_created,1.0,2025-08-30,,,,,org/repo-10,default,
repo,total_pr_summaries_created,1.0,2025-08-31,,,,,org/repo-1,default,
repo,total_pr_summaries_created,1.0,2025-08-31,,,,,org/repo-3,default,
repo,total_pr_summaries_created,1.0,2025-08-31,,,,,org/repo-4,default,
repo,total_pr_summaries_created,1.0,2025-08-31,,,,,org/repo-5,default,
repo,total_pr_summaries_created,1.0,2025-08-31,,,,,org/repo-6,default,
repo,total_pr_summaries_created,1.0,2025-08-31,,,,,org/repo-7,default,
repo,total_pr_summaries_created,1.0,2025-08-31,,,,,org/repo-8,default,
repo,total_pr_summaries_created,1.0,2025-08-31,,,,,org/repo-9,default,
repo,total_pr_summaries_created,1.0,2025-08-31,,,,,org/repo-10,default,
repo,total_pr_summaries_created,1.0,2025-09-01,,,,,org/repo-1,default,
repo,total_pr_summaries_created,2.0,2025-09-01,,,,,org/repo-2,default,
repo,total_pr_summaries_created,1.0,2025-09-01,,,,,org/repo-3,default,
repo,total_pr_summaries_created,1.0,2025-09-01,,,,,org/repo-4,default,
repo,total_pr_summaries_created,1.0,2025-09-01,,,,,org/repo-5,default,
repo,total_pr_summaries_created,1.0,2025-09-01,,,,,org/repo-6,default,
repo,total_pr_summaries_created,2.0,2025-09-01,,,,,org/repo-7,default,
repo,total_pr_summaries_created,2.0,2025-09-01,,,,,org/repo-8,default,
repo,total_pr_summaries_created,1.0,2025-09-01,,,,,org/repo-9,default,
repo,total_pr_summaries_created,1.0,2025-09-01,,,,,org/repo-10,default,
repo,total_pr_summaries_created,2.0,2025-09-02,,,,,org/repo-1,default,
repo,total_pr_summaries_created,1.0,2025-09-02,,,,,org/repo-3,default,
repo,total_pr_summaries_created,1.0,2025-09-02,,,,,org/repo-5,default,
repo,total_pr_summaries_created,1.0,2025-09-02,,,,,org/repo-9,default,
repo,total_pr_summaries_created,2.0,2025-09-03,,,,,org/repo-1,default,
repo,total_pr_summaries_created,2.0,2025-09-03,,,,,org/repo-2,default,
repo,total_pr_summaries_created,2.0,2025-09-03,,,,,org/repo-3,default,
repo,total_pr_summaries_created,1.0,2025-09-03,,,,,org/repo-4,default,
repo,total_pr_summaries_created,1.0,2025-09-03,,,,,org/repo-5,default,
repo,total_pr_summaries_created,2.0,2025-09-03,,,,,org/repo-6,default,
repo,total_pr_summaries_created,2.0,2025-09-03,,,,,org/repo-7,default,
repo,total_pr_summaries_created,2.0,2025-09-03,,,,,org/repo-8,default,
repo,total_pr_summaries_created,4.0,2025-09-03,,,,,org/repo-10,default,
repo,total_pr_summaries_created,1.0,2025-09-04,,,,,org/repo-1,default,
repo,total_pr_summaries_created,1.0,2025-09-04,,,,,org/repo-2,default,
repo,total_pr_summaries_created,1.0,2025-09-04,,,,,org/repo-3,default,
repo,total_pr_summaries_created,1.0,2025-09-04,,,,,org/repo-5,default,
repo,total_pr_summaries_created,1.0,2025-09-04,,,,,org/repo-6,default,
repo,total_pr_summaries_created,3.0,2025-09-06,,,,,org/repo-1,default,
repo,total_pr_summaries_created,1.0,2025-09-06,,,,,org/repo-2,default,
repo,total_pr_summaries_created,1.0,2025-09-06,,,,,org/repo-3,default,
repo,total_pr_summaries_created,2.0,2025-09-06,,,,,org/repo-5,default,
repo,total_pr_summaries_created,1.0,2025-09-06,,,,,org/repo-6,default,
repo,total_pr_summaries_created,1.0,2025-09-06,,,,,org/repo-7,default,
repo,total_pr_summaries_created,1.0,2025-09-06,,,,,org/repo-8,default,
repo,total_pr_summaries_created,1.0,2025-09-06,,,,,org/repo-9,default,
repo,total_pr_summaries_created,1.0,2025-09-06,,,,,org/repo-10,default,
repo,total_pr_summaries_created,3.0,2025-09-07,,,,,org/repo-1,default,
repo,total_pr_summaries_created,2.0,2025-09-07,,,,,org/repo-2,default,
repo,total_pr_summaries_created,1.0,2025-09-07,,,,,org/repo-3,default,
repo,total_pr_summaries_created,1.0,2025-09-07,,,,,org/repo-4,default,
repo,total_pr_summaries_created,2.0,2025-09-07,,,,,org/repo-5,default,
repo,total_pr_summaries_created,2.0,2025-09-07,,,,,org/repo-7,default,
repo,total_pr_summaries_created,1.0,2025-09-07,,,,,org/repo-8,default,
repo,total_pr_summaries_created,1.0,2025-09-07,,,,,org/repo-9,default,
repo,total_pr_summaries_created,1.0,2025-09-07,,,,,org/repo-10,default,
repo,total_pr_summaries_created,1.0,2025-09-08,,,,,org/repo-3,default,
repo,total_pr_summaries_created,1.0,2025-09-08,,,,,org/repo-4,default,
repo,total_pr_summaries_created,1.0,2025-09-08,,,,,org/repo-5,default,
repo,total_pr_summaries_created,1.0,2025-09-08,,,,,org/repo-6,default,
repo,total_pr_summaries_created,1.0,2025-09-08,,,,,org/repo-7,default,
repo,total_pr_summaries_created,1.0,2025-09-08,,,,,org/repo-10,default,
repo,total_pr_summaries_created,2.0,2025-09-09,,,,,org/repo-2,default,
repo,total_pr_summaries_created,1.0,2025-09-09,,,,,org/repo-3,default,
repo,total_pr_summaries_created,1.0,2025-09-09,,,,,org/repo-4,default,
repo,total_pr_summaries_created,1.0,2025-09-09,,,,,org/repo-5,default,
repo,total_pr_summaries_created,1.0,2025-09-09,,,,,org/repo-6,default,
repo,total_pr_summaries_created,1.0,2025-09-09,,,,,org/repo-9,default,
repo,total_pr_summaries_created,1.0,2025-09-10,,,,,org/repo-1,default,
repo,total_pr_summaries_created,1.0,2025-09-10,,,,,org/repo-2,default,
repo,total_pr_summaries_created,2.0,2025-09-10,,,,,org/repo-3,default,
repo,total_pr_summaries_created,2.0,2025-09-10,,,,,org/repo-4,default,
repo,total_pr_summaries_created,2.0,2025-09-10,,,,,org/repo-5,default,
repo,total_pr_summaries_created,2.0,2025-09-10,,,,,org/repo-7,default,
repo,total_pr_summaries_created,2.0,2025-09-10,,,,,org/repo-8,default,
repo,total_pr_summaries_created,3.0,2025-09-10,,,,,org/repo-9,default,
repo,total_pr_summaries_created,1.0,2025-09-10,,,,,org/repo-10,default,
repo,total_pr_summaries_created,2.0,2025-09-12,,,,,org/repo-1,default,
repo,total_pr_summaries_created,2.0,2025-09-12,,,,,org/repo-3,default,
repo,total_pr_summaries_created,3.0,2025-09-12,,,,,org/repo-4,default,
repo,total_pr_summaries_created,1.0,2025-09-12,,,,,org/repo-5,default,
repo,total_pr_summaries_created,2.0,2025-09-12,,,,,org/repo-6,default,
repo,total_pr_summaries_created,1.0,2025-09-12,,,,,org/repo-7,default,
repo,total_pr_summaries_created,3.0,2025-09-12,,,,,org/repo-8,default,
repo,total_pr_summaries_created,3.0,2025-09-12,,,,,org/repo-9,default,
repo,total_pr_summaries_created,2.0,2025-09-12,,,,,org/repo-10,default,
repo,total_pr_summaries_created,2.0,2025-09-13,,,,,org/repo-2,default,
repo,total_pr_summaries_created,2.0,2025-09-13,,,,,org/repo-5,default,
repo,total_pr_summaries_created,1.0,2025-09-13,,,,,org/repo-6,default,
repo,total_pr_summaries_created,1.0,2025-09-13,,,,,org/repo-7,default,
repo,total_pr_summaries_created,1.0,2025-09-13,,,,,org/repo-9,default,
repo,total_pr_summaries_created,1.0,2025-09-13,,,,,org/repo-10,default,
repo,total_pr_summaries_created,2.0,2025-09-14,,,,,org/repo-1,default,
repo,total_pr_summaries_created,1.0,2025-09-14,,,,,org/repo-2,default,
repo,total_pr_summaries_created,1.0,2025-09-14,,,,,org/repo-4,default,
repo,total_pr_summaries_created,1.0,2025-09-14,,,,,org/repo-5,default,
repo,total_pr_summaries_created,1.0,2025-09-14,,,,,org/repo-6,default,
repo,total_pr_summaries_created,1.0,2025-09-14,,,,,org/repo-7,default,
repo,total_pr_summaries_created,1.0,2025-09-14,,,,,org/repo-9,default,
repo,total_pr_summaries_created,1.0,2025-09-14,,,,,org/repo-10,default,
repo,total_pr_summaries_created,4.0,2025-09-15,,,,,org/repo-1,default,
repo,total_pr_summaries_created,3.0,2025-09-15,,,,,org/repo-2,default,
repo,total_pr_summaries_created,2.0,2025-09-15,,,,,org/repo-3,default,
repo,total_pr_summaries_created,4.0,2025-09-15,,,,,org/repo-4,default,
repo,total_pr_summaries_created,2.0,2025-09-15,,,,,org/repo-5,default,
repo,total_pr_summaries_created,3.0,2025-09-15,,,,,org/repo-6,default,
repo,total_pr_summaries_created,1.0,2025-09-15,,,,,org/repo-7,default,
repo,total_pr_summaries_created,1.0,2025-09-15,,,,,org/repo-8,default,
repo,total_pr_summaries_created,2.0,2025-09-15,,,,,org/repo-9,default,
repo,total_pr_summaries_created,3.0,2025-09-15,,,,,org/repo-10,default,
repo,total_pr_summaries_created,1.0,2025-09-16,,,,,org/repo-1,default,
repo,total_pr_summaries_created,2.0,2025-09-16,,,,,org/repo-2,default,
repo,total_pr_summaries_created,1.0,2025-09-16,,,,,org/repo-3,default,
repo,total_pr_summaries_created,3.0,2025-09-16,,,,,org/repo-4,default,
repo,total_pr_summaries_created,2.0,2025-09-16,,,,,org/repo-5,default,
repo,total_pr_summaries_created,3.0,2025-09-16,,,,,org/repo-6,default,
repo,total_pr_summaries_created,3.0,2025-09-16,,,,,org/repo-7,default,
repo,total_pr_summaries_created,3.0,2025-09-16,,,,,org/repo-8,default,
repo,total_pr_summaries_created,2.0,2025-09-16,,,,,org/repo-9,default,
repo,total_pr_summaries_created,3.0,2025-09-16,,,,,org/repo-10,default,
repo,total_pr_summaries_created,3.0,2025-09-18,,,,,org/repo-1,default,
repo,total_pr_summaries_created,2.0,2025-09-18,,,,,org/repo-2,default,
repo,total_pr_summaries_created,3.0,2025-09-18,,,,,org/repo-3,default,
repo,total_pr_summaries_created,3.0,2025-09-18,,,,,org/repo-4,default,
repo,total_pr_summaries_created,3.0,2025-09-18,,,,,org/repo-5,default,
repo,total_pr_summaries_created,3.0,2025-09-18,,,,,org/repo-6,default,
repo,total_pr_summaries_created,2.0,2025-09-18,,,,,org/repo-7,default,
repo,total_pr_summaries_created,3.0,2025-09-18,,,,,org/repo-10,default,
repo,total_pr_summaries_created,1.0,2025-09-19,,,,,org/repo-1,default,
repo,total_pr_summaries_created,2.0,2025-09-19,,,,,org/repo-2,default,
repo,total_pr_summaries_created,2.0,2025-09-19,,,,,org/repo-3,default,
repo,total_pr_summaries_created,2.0,2025-09-19,,,,,org/repo-4,default,
repo,total_pr_summaries_created,1.0,2025-09-19,,,,,org/repo-6,default,
repo,total_pr_summaries_created,2.0,2025-09-19,,,,,org/repo-7,default,
repo,total_pr_summaries_created,2.0,2025-09-19,,,,,org/repo-8,default,
repo,total_pr_summaries_created,2.0,2025-09-19,,,,,org/repo-9,default,
repo,total_pr_summaries_created,2.0,2025-09-19,,,,,org/repo-10,default,
repo,total_pr_summaries_created,2.0,2025-09-20,,,,,org/repo-1,default,
repo,total_pr_summaries_created,2.0,2025-09-20,,,,,org/repo-2,default,
repo,total_pr_summaries_created,3.0,2025-09-20,,,,,org/repo-3,default,
repo,total_pr_summaries_created,2.0,2025-09-20,,,,,org/repo-4,default,
repo,total_pr_summaries_created,1.0,2025-09-20,,,,,org/repo-5,default,
repo,total_pr_summaries_created,1.0,2025-09-20,,,,,org/repo-6,default,
repo,total_pr_summaries_created,3.0,2025-09-20,,,,,org/repo-7,default,
repo,total_pr_summaries_created,2.0,2025-09-20,,,,,org/repo-8,default,
repo,total_pr_summaries_created,2.0,2025-09-20,,,,,org/repo-9,default,
repo,total_pr_summaries_created,2.0,2025-09-20,,,,,org/repo-10,default,
repo,total_pr_summaries_created,1.0,2025-09-21,,,,,org/repo-1,default,
repo,total_pr_summaries_created,1.0,2025-09-21,,,,,org/repo-2,default,
repo,total_pr_summaries_created,1.0,2025-09-21,,,,,org/repo-3,default,
repo,total_pr_summaries_created,1.0,2025-09-21,,,,,org/repo-4,default,
repo,total_pr_summaries_created,1.0,2025-09-21,,,,,org/repo-5,default,
repo,total_pr_summaries_created,1.0,2025-09-21,,,,,org/repo-6,default,
repo,total_pr_summaries_created,1.0,2025-09-21,,,,,org/repo-7,default,
repo,total_pr_summaries_created,1.0,2025-09-21,,,,,org/repo-8,default,
repo,total_pr_summaries_created,1.0,2025-09-21,,,,,org/repo-9,default,
repo,total_pr_summaries_created,1.0,2025-09-21,,,,,org/repo-10,default,
repo,total_pr_summaries_created,2.0,2025-09-22,,,,,org/repo-5,default,
repo,total_pr_summaries_created,1.0,2025-09-22,,,,,org/repo-6,default,
repo,total_pr_summaries_created,1.0,2025-09-22,,,,,org/repo-9,default,
repo,total_pr_summaries_created,1.0,2025-09-23,,,,,org/repo-1,default,
repo,total_pr_summaries_created,1.0,2025-09-23,,,,,org/repo-2,default,
repo,total_pr_summaries_created,1.0,2025-09-23,,,,,org/repo-4,default,
repo,total_pr_summaries_created,1.0,2025-09-23,,,,,org/repo-5,default,
repo,total_pr_summaries_created,1.0,2025-09-23,,,,,org/repo-6,default,
repo,total_pr_summaries_created,2.0,2025-09-23,,,,,org/repo-7,default,
repo,total_pr_summaries_created,2.0,2025-09-23,,,,,org/repo-9,default,
repo,total_pr_summaries_created,1.0,2025-09-23,,,,,org/repo-10,default,
repo,total_pr_summaries_created,1.0,2025-09-24,,,,,org/repo-1,default,
repo,total_pr_summaries_created,4.0,2025-09-24,,,,,org/repo-2,default,
repo,total_pr_summaries_created,3.0,2025-09-24,,,,,org/repo-3,default,
repo,total_pr_summaries_created,2.0,2025-09-24,,,,,org/repo-4,default,
repo,total_pr_summaries_created,2.0,2025-09-24,,,,,org/repo-5,default,
repo,total_pr_summaries_created,2.0,2025-09-24,,,,,org/repo-6,default,
repo,total_pr_summaries_created,2.0,2025-09-24,,,,,org/repo-7,default,
repo,total_pr_summaries_created,3.0,2025-09-24,,,,,org/repo-8,default,
repo,total_pr_summaries_created,2.0,2025-09-24,,,,,org/repo-9,default,
repo,total_pr_summaries_created,3.0,2025-09-24,,,,,org/repo-10,default,
repo,total_pr_summaries_created,2.0,2025-09-25,,,,,org/repo-1,default,
repo,total_pr_summaries_created,1.0,2025-09-25,,,,,org/repo-2,default,
repo,total_pr_summaries_created,1.0,2025-09-25,,,,,org/repo-3,default,
repo,total_pr_summaries_created,1.0,2025-09-25,,,,,org/repo-4,default,
repo,total_pr_summaries_created,1.0,2025-09-25,,,,,org/repo-5,default,
repo,total_pr_summaries_created,1.0,2025-09-25,,,,,org/repo-6,default,
repo,total_pr_summaries_created,1.0,2025-09-25,,,,,org/repo-7,default,
repo,total_pr_summaries_created,1.0,2025-09-25,,,,,org/repo-8,default,
repo,total_pr_summaries_created,1.0,2025-09-25,,,,,org/repo-9,default,
repo,total_pr_summaries_created,1.0,2025-09-25,,,,,org/repo-10,default,
repo,total_pr_summaries_created,4.0,2025-09-26,,,,,org/repo-1,default,
repo,total_pr_summaries_created,2.0,2025-09-26,,,,,org/repo-2,default,
repo,total_pr_summaries_created,2.0,2025-09-26,,,,,org/repo-3,default,
repo,total_pr_summaries_created,1.0,2025-09-26,,,,,org/repo-4,default,
repo,total_pr_summaries_created,2.0,2025-09-26,,,,,org/repo-5,default,
repo,total_pr_summaries_created,2.0,2025-09-26,,,,,org/repo-6,default,
repo,total_pr_summaries_created,3.0,2025-09-26,,,,,org/repo-7,default,
repo,total_pr_summaries_created,1.0,2025-09-26,,,,,org/repo-9,default,
repo,total_pr_summaries_created,2.0,2025-09-26,,,,,org/repo-10,default,
repo,total_pr_summaries_created,3.0,2025-09-27,,,,,org/repo-1,default,
repo,total_pr_summaries_created,1.0,2025-09-27,,,,,org/repo-2,default,
repo,total_pr_summaries_created,2.0,2025-09-27,,,,,org/repo-3,default,
repo,total_pr_summaries_created,1.0,2025-09-27,,,,,org/repo-4,default,
repo,total_pr_summaries_created,1.0,2025-09-27,,,,,org/repo-5,default,
repo,total_pr_summaries_created,1.0,2025-09-27,,,,,org/repo-6,default,
repo,total_pr_summaries_created,2.0,2025-09-27,,,,,org/repo-7,default,
repo,total_pr_summaries_created,2.0,2025-09-27,,,,,org/repo-8,default,
repo,total_pr_summaries_created,2.0,2025-09-27,,,,,org/repo-9,default,
repo,total_pr_summaries_created,2.0,2025-09-27,,,,,org/repo-10,default,
repo,total_pr_summaries_created,2.0,2025-09-28,,,,,org/repo-1,default,
repo,total_pr_summaries_created,2.0,2025-09-28,,,,,org/repo-2,default,
repo,total_pr_summaries_created,2.0,2025-09-28,,,,,org/repo-3,default,
repo,total_pr_summaries_created,1.0,2025-09-28,,,,,org/repo-4,default,
repo,total_pr_summaries_created,2.0,2025-09-28,,,,,org/repo-5,default,
repo,total_pr_summaries_created,2.0,2025-09-28,,,,,org/repo-6,default,
repo,total_pr_summaries_created,1.0,2025-09-28,,,,,org/repo-7,default,
repo,total_pr_summaries_created,2.0,2025-09-28,,,,,org/repo-8,default,
repo,total_pr_summaries_created,2.0,2025-09-28,,,,,org/repo-9,default,
repo,total_pr_summaries_created,1.0,2025-09-28,,,,,org/repo-10,default,
repo,total_pr_summaries_created,1.0,2025-09-29,,,,,org/repo-1,default,
repo,total_pr_summaries_created,2.0,2025-09-29,,,,,org/repo-2,default,
repo,total_pr_summaries_created,2.0,2025-09-29,,,,,org/repo-3,default,
repo,total_pr_summaries_created,1.0,2025-09-29,,,,,org/repo-4,default,
repo,total_pr_summaries_created,1.0,2025-09-29,,,,,org/repo-5,default,
repo,total_pr_summaries_created,1.0,2025-09-29,,,,,org/repo-6,default,
repo,total_pr_summaries_created,2.0,2025-09-29,,,,,org/repo-7,default,
repo,total_pr_summaries_created,1.0,2025-09-29,,,,,org/repo-8,default,
repo,total_pr_summaries_created,2.0,2025-09-29,,,,,org/repo-9,default,
repo,total_pr_summaries_created,1.0,2025-09-29,,,,,org/repo-10,default,
repo,total_pr_summaries_created,2.0,2025-09-30,,,,,org/repo-1,default,
repo,total_pr_summaries_created,4.0,2025-09-30,,,,,org/repo-2,default,
repo,total_pr_summaries_created,2.0,2025-09-30,,,,,org/repo-3,default,
repo,total_pr_summaries_created,3.0,2025-09-30,,,,,org/repo-4,default,
repo,total_pr_summaries_created,2.0,2025-09-30,,,,,org/repo-5,default,
repo,total_pr_summaries_created,2.0,2025-09-30,,,,,org/repo-6,default,
repo,total_pr_summaries_created,1.0,2025-09-30,,,,,org/repo-7,default,
repo,total_pr_summaries_created,3.0,2025-09-30,,,,,org/repo-8,default,
repo,total_pr_summaries_created,1.0,2025-09-30,,,,,org/repo-9,default,
repo,total_pr_summaries_created,2.0,2025-09-30,,,,,org/repo-10,default,
repo,total_pr_summaries_created,3.0,2025-10-01,,,,,org/repo-1,default,
repo,total_pr_summaries_created,2.0,2025-10-01,,,,,org/repo-2,default,
repo,total_pr_summaries_created,4.0,2025-10-01,,,,,org/repo-3,default,
repo,total_pr_summaries_created,2.0,2025-10-01,,,,,org/repo-4,default,
repo,total_pr_summaries_created,1.0,2025-10-01,,,,,org/repo-5,default,
repo,total_pr_summaries_created,3.0,2025-10-01,,,,,org/repo-6,default,
repo,total_pr_summaries_created,1.0,2025-10-01,,,,,org/repo-7,default,
repo,total_pr_summaries_created,2.0,2025-10-01,,,,,org/repo-8,default,
repo,total_pr_summaries_created,2.0,2025-10-01,,,,,org/repo-9,default,
repo,total_pr_summaries_created,2.0,2025-10-01,,,,,org/repo-10,default,
repo,total_pr_summaries_created,4.0,2025-10-02,,,,,org/repo-1,default,
repo,total_pr_summaries_created,4.0,2025-10-02,,,,,org/repo-2,default,
repo,total_pr_summaries_created,1.0,2025-10-02,,,,,org/repo-3,default,
repo,total_pr_summaries_created,2.0,2025-10-02,,,,,org/repo-4,default,
repo,total_pr_summaries_created,1.0,2025-10-02,,,,,org/repo-5,default,
repo,total_pr_summaries_created,1.0,2025-10-02,,,,,org/repo-6,default,
repo,total_pr_summaries_created,2.0,2025-10-02,,,,,org/repo-7,default,
repo,total_pr_summaries_created,2.0,2025-10-02,,,,,org/repo-8,default,
repo,total_pr_summaries_created,1.0,2025-10-02,,,,,org/repo-9,default,
repo,total_pr_summaries_created,3.0,2025-10-02,,,,,org/repo-10,default,
repo,total_pr_summaries_created,2.0,2025-10-03,,,,,org/repo-1,default,
repo,total_pr_summaries_created,3.0,2025-10-03,,,,,org/repo-2,default,
repo,total_pr_summaries_created,2.0,2025-10-03,,,,,org/repo-3,default,
repo,total_pr_summaries_created,1.0,2025-10-03,,,,,org/repo-4,default,
repo,total_pr_summaries_created,2.0,2025-10-03,,,,,org/repo-5,default,
repo,total_pr_summaries_created,3.0,2025-10-03,,,,,org/repo-6,default,
repo,total_pr_summaries_created,1.0,2025-10-03,,,,,org/repo-7,default,
repo,total_pr_summaries_created,2.0,2025-10-03,,,,,org/repo-8,default,
repo,total_pr_summaries_created,3.0,2025-10-03,,,,,org/repo-9,default,
repo,total_pr_summaries_created,3.0,2025-10-03,,,,,org/repo-10,default,
repo,total_pr_summaries_created,3.0,2025-10-04,,,,,org/repo-1,default,
repo,total_pr_summaries_created,1.0,2025-10-04,,,,,org/repo-2,default,
repo,total_pr_summaries_created,1.0,2025-10-04,,,,,org/repo-3,default,
repo,total_pr_summaries_created,1.0,2025-10-04,,,,,org/repo-4,default,
repo,total_pr_summaries_created,2.0,2025-10-04,,,,,org/repo-6,default,
repo,total_pr_summaries_created,1.0,2025-10-04,,,,,org/repo-7,default,
repo,total_pr_summaries_created,2.0,2025-10-04,,,,,org/repo-9,default,
repo,total_pr_summaries_created,2.0,2025-10-04,,,,,org/repo-10,default,
repo,total_pr_summaries_created,3.0,2025-10-05,,,,,org/repo-2,default,
repo,total_pr_summaries_created,1.0,2025-10-05,,,,,org/repo-4,default,
repo,total_pr_summaries_created,2.0,2025-10-06,,,,,org/repo-1,default,
repo,total_pr_summaries_created,1.0,2025-10-06,,,,,org/repo-2,default,
repo,total_pr_summaries_created,1.0,2025-10-06,,,,,org/repo-3,default,
repo,total_pr_summaries_created,2.0,2025-10-06,,,,,org/repo-4,default,
repo,total_pr_summaries_created,1.0,2025-10-06,,,,,org/repo-5,default,
repo,total_pr_summaries_created,1.0,2025-10-06,,,,,org/repo-6,default,
repo,total_pr_summaries_created,2.0,2025-10-06,,,,,org/repo-7,default,
repo,total_pr_summaries_created,2.0,2025-10-06,,,,,org/repo-8,default,
repo,total_pr_summaries_created,1.0,2025-10-06,,,,,org/repo-9,default,
repo,total_pr_summaries_created,1.0,2025-10-06,,,,,org/repo-10,default,
repo,total_pr_summaries_created,1.0,2025-10-07,,,,,org/repo-1,default,
repo,total_pr_summaries_created,1.0,2025-10-07,,,,,org/repo-3,default,
repo,total_pr_summaries_created,1.0,2025-10-07,,,,,org/repo-4,default,
repo,total_pr_summaries_created,1.0,2025-10-07,,,,,org/repo-8,default,
repo,total_pr_summaries_created,1.0,2025-10-08,,,,,org/repo-2,default,
repo,total_pr_summaries_created,2.0,2025-10-08,,,,,org/repo-3,default,
repo,total_pr_summaries_created,1.0,2025-10-08,,,,,org/repo-4,default,
repo,total_pr_summaries_created,1.0,2025-10-08,,,,,org/repo-5,default,
repo,total_pr_summaries_created,3.0,2025-10-08,,,,,org/repo-6,default,
repo,total_pr_summaries_created,1.0,2025-10-08,,,,,org/repo-7,default,
repo,total_pr_summaries_created,2.0,2025-10-08,,,,,org/repo-8,default,
repo,total_pr_summaries_created,1.0,2025-10-08,,,,,org/repo-9,default,
repo,total_pr_summaries_created,2.0,2025-10-08,,,,,org/repo-10,default,
repo,total_pr_summaries_created,1.0,2025-10-09,,,,,org/repo-1,default,
repo,total_pr_summaries_created,1.0,2025-10-09,,,,,org/repo-2,default,
repo,total_pr_summaries_created,2.0,2025-10-09,,,,,org/repo-3,default,
repo,total_pr_summaries_created,2.0,2025-10-09,,,,,org/repo-4,default,
repo,total_pr_summaries_created,1.0,2025-10-09,,,,,org/repo-5,default,
repo,total_pr_summaries_created,1.0,2025-10-09,,,,,org/repo-6,default,
repo,total_pr_summaries_created,2.0,2025-10-09,,,,,org/repo-7,default,
repo,total_pr_summaries_created,2.0,2025-10-09,,,,,org/repo-8,default,
repo,total_pr_summaries_created,2.0,2025-10-09,,,,,org/repo-9,default,
repo,total_pr_summaries_created,2.0,2025-10-11,,,,,org/repo-1,default,
repo,total_pr_summaries_created,1.0,2025-10-11,,,,,org/repo-2,default,
repo,total_pr_summaries_created,1.0,2025-10-11,,,,,org/repo-3,default,
repo,total_pr_summaries_created,1.0,2025-10-11,,,,,org/repo-4,default,
repo,total_pr_summaries_created,1.0,2025-10-11,,,,,org/repo-5,default,
repo,total_pr_summaries_created,2.0,2025-10-11,,,,,org/repo-6,default,
repo,total_pr_summaries_created,1.0,2025-10-11,,,,,org/repo-7,default,
repo,total_pr_summaries_created,1.0,2025-10-11,,,,,org/repo-8,default,
repo,total_pr_summaries_created,2.0,2025-10-11,,,,,org/repo-9,default,
repo,total_pr_summaries_created,1.0,2025-10-11,,,,,org/repo-10,default,
repo,total_pr_summaries_created,1.0,2025-10-12,,,,,org/repo-1,default,
repo,total_pr_summaries_created,1.0,2025-10-12,,,,,org/repo-2,default,
repo,total_pr_summaries_created,1.0,2025-10-12,,,,,org/repo-5,default,
repo,total_pr_summaries_created,1.0,2025-10-12,,,,,org/repo-6,default,
repo,total_pr_summaries_created,1.0,2025-10-12,,,,,org/repo-7,default,
repo,total_pr_summaries_created,1.0,2025-10-12,,,,,org/repo-8,default,
repo,total_pr_summaries_created,1.0,2025-10-12,,,,,org/repo-9,default,
repo,total_pr_summaries_created,3.0,2025-10-13,,,,,org/repo-3,default,
